participant_id,zone,zone_title,pod_id,pod_size,function,industry,ai_maturity,primary_next_activity,networking_opt_in,pod_common_ground,pod_complementarity,pod_useful_diversity,pod_session_continuity,pod_friction,pod_total_score,pod_rationale,pod_starter
125,A,Rewire for Value,A1,10,Operations,Industrial/Manufacturing,1,Future of Operations,True,0.374,0.722,0.792,1.0,0.0,2.248,"Este grupo compartilha interesse em redesenhar processos do zero e escalar valor a partir de pilotos. Ao mesmo tempo, reune 5 funcoes diferentes, trazendo angulos distintos sobre o mesmo tema. A maior parte do pod pretende seguir para O Futuro das Operacoes depois — a conversa pode continuar la.",Comecem por aqui: redesenhar processos do zero e escalar valor a partir de pilotos. Onde voces estao hoje: otimizando o que ja existe ou redesenhando do zero — e por que?
120,A,Rewire for Value,A1,10,Marketing/Sales,Other,1,Future of Operations,True,0.374,0.722,0.792,1.0,0.0,2.248,"Este grupo compartilha interesse em redesenhar processos do zero e escalar valor a partir de pilotos. Ao mesmo tempo, reune 5 funcoes diferentes, trazendo angulos distintos sobre o mesmo tema. A maior parte do pod pretende seguir para O Futuro das Operacoes depois — a conversa pode continuar la.",Comecem por aqui: redesenhar processos do zero e escalar valor a partir de pilotos. Onde voces estao hoje: otimizando o que ja existe ou redesenhando do zero — e por que?
77,A,Rewire for Value,A1,10,People/HR,Technology,2,Future of Operations,True,0.374,0.722,0.792,1.0,0.0,2.248,"Este grupo compartilha interesse em redesenhar processos do zero e escalar valor a partir de pilotos. Ao mesmo tempo, reune 5 funcoes diferentes, trazendo angulos distintos sobre o mesmo tema. A maior parte do pod pretende seguir para O Futuro das Operacoes depois — a conversa pode continuar la.",Comecem por aqui: redesenhar processos do zero e escalar valor a partir de pilotos. Onde voces estao hoje: otimizando o que ja existe ou redesenhando do zero — e por que?
29,A,Rewire for Value,A1,10,People/HR,Professional Services,0,Future of Operations,True,0.374,0.722,0.792,1.0,0.0,2.248,"Este grupo compartilha interesse em redesenhar processos do zero e escalar valor a partir de pilotos. Ao mesmo tempo, reune 5 funcoes diferentes, trazendo angulos distintos sobre o mesmo tema. A maior parte do pod pretende seguir para O Futuro das Operacoes depois — a conversa pode continuar la.",Comecem por aqui: redesenhar processos do zero e escalar valor a partir de pilotos. Onde voces estao hoje: otimizando o que ja existe ou redesenhando do zero — e por que?
12,A,Rewire for Value,A1,10,Strategy,Professional Services,1,Future of Operations,True,0.374,0.722,0.792,1.0,0.0,2.248,"Este grupo compartilha interesse em redesenhar processos do zero e escalar valor a partir de pilotos. Ao mesmo tempo, reune 5 funcoes diferentes, trazendo angulos distintos sobre o mesmo tema. A maior parte do pod pretende seguir para O Futuro das Operacoes depois — a conversa pode continuar la.",Comecem por aqui: redesenhar processos do zero e escalar valor a partir de pilotos. Onde voces estao hoje: otimizando o que ja existe ou redesenhando do zero — e por que?
2,A,Rewire for Value,A1,10,Strategy,Industrial/Manufacturing,1,Future of Operations,True,0.374,0.722,0.792,1.0,0.0,2.248,"Este grupo compartilha interesse em redesenhar processos do zero e escalar valor a partir de pilotos. Ao mesmo tempo, reune 5 funcoes diferentes, trazendo angulos distintos sobre o mesmo tema. A maior parte do pod pretende seguir para O Futuro das Operacoes depois — a conversa pode continuar la.",Comecem por aqui: redesenhar processos do zero e escalar valor a partir de pilotos. Onde voces estao hoje: otimizando o que ja existe ou redesenhando do zero — e por que?
40,A,Rewire for Value,A1,10,Strategy,Energy,0,Future of Operations,True,0.374,0.722,0.792,1.0,0.0,2.248,"Este grupo compartilha interesse em redesenhar processos do zero e escalar valor a partir de pilotos. Ao mesmo tempo, reune 5 funcoes diferentes, trazendo angulos distintos sobre o mesmo tema. A maior parte do pod pretende seguir para O Futuro das Operacoes depois — a conversa pode continuar la.",Comecem por aqui: redesenhar processos do zero e escalar valor a partir de pilotos. Onde voces estao hoje: otimizando o que ja existe ou redesenhando do zero — e por que?
191,A,Rewire for Value,A1,10,Finance,Industrial/Manufacturing,1,Future of Operations,True,0.374,0.722,0.792,1.0,0.0,2.248,"Este grupo compartilha interesse em redesenhar processos do zero e escalar valor a partir de pilotos. Ao mesmo tempo, reune 5 funcoes diferentes, trazendo angulos distintos sobre o mesmo tema. A maior parte do pod pretende seguir para O Futuro das Operacoes depois — a conversa pode continuar la.",Comecem por aqui: redesenhar processos do zero e escalar valor a partir de pilotos. Onde voces estao hoje: otimizando o que ja existe ou redesenhando do zero — e por que?
168,A,Rewire for Value,A1,10,Strategy,Professional Services,2,Future of Operations,True,0.374,0.722,0.792,1.0,0.0,2.248,"Este grupo compartilha interesse em redesenhar processos do zero e escalar valor a partir de pilotos. Ao mesmo tempo, reune 5 funcoes diferentes, trazendo angulos distintos sobre o mesmo tema. A maior parte do pod pretende seguir para O Futuro das Operacoes depois — a conversa pode continuar la.",Comecem por aqui: redesenhar processos do zero e escalar valor a partir de pilotos. Onde voces estao hoje: otimizando o que ja existe ou redesenhando do zero — e por que?
53,A,Rewire for Value,A1,10,Strategy,Professional Services,0,Future of Operations,True,0.374,0.722,0.792,1.0,0.0,2.248,"Este grupo compartilha interesse em redesenhar processos do zero e escalar valor a partir de pilotos. Ao mesmo tempo, reune 5 funcoes diferentes, trazendo angulos distintos sobre o mesmo tema. A maior parte do pod pretende seguir para O Futuro das Operacoes depois — a conversa pode continuar la.",Comecem por aqui: redesenhar processos do zero e escalar valor a partir de pilotos. Onde voces estao hoje: otimizando o que ja existe ou redesenhando do zero — e por que?
146,A,Rewire for Value,A2,10,Risk/Legal,Energy,1,Future of Operations,True,0.335,0.751,0.839,1.0,0.0,2.255,"Este grupo compartilha interesse em redesenhar processos do zero e operacoes e cadeia de valor. Ao mesmo tempo, reune 4 funcoes diferentes, trazendo angulos distintos sobre o mesmo tema. A maior parte do pod pretende seguir para O Futuro das Operacoes depois — a conversa pode continuar la.",Comecem por aqui: redesenhar processos do zero e operacoes e cadeia de valor. Onde voces estao hoje: otimizando o que ja existe ou redesenhando do zero — e por que?
119,A,Rewire for Value,A2,10,Operations,Energy,0,Future of Operations,True,0.335,0.751,0.839,1.0,0.0,2.255,"Este grupo compartilha interesse em redesenhar processos do zero e operacoes e cadeia de valor. Ao mesmo tempo, reune 4 funcoes diferentes, trazendo angulos distintos sobre o mesmo tema. A maior parte do pod pretende seguir para O Futuro das Operacoes depois — a conversa pode continuar la.",Comecem por aqui: redesenhar processos do zero e operacoes e cadeia de valor. Onde voces estao hoje: otimizando o que ja existe ou redesenhando do zero — e por que?
60,A,Rewire for Value,A2,10,Strategy,Professional Services,0,Future of Operations,True,0.335,0.751,0.839,1.0,0.0,2.255,"Este grupo compartilha interesse em redesenhar processos do zero e operacoes e cadeia de valor. Ao mesmo tempo, reune 4 funcoes diferentes, trazendo angulos distintos sobre o mesmo tema. A maior parte do pod pretende seguir para O Futuro das Operacoes depois — a conversa pode continuar la.",Comecem por aqui: redesenhar processos do zero e operacoes e cadeia de valor. Onde voces estao hoje: otimizando o que ja existe ou redesenhando do zero — e por que?
5,A,Rewire for Value,A2,10,Operations,Industrial/Manufacturing,2,Future of Operations,True,0.335,0.751,0.839,1.0,0.0,2.255,"Este grupo compartilha interesse em redesenhar processos do zero e operacoes e cadeia de valor. Ao mesmo tempo, reune 4 funcoes diferentes, trazendo angulos distintos sobre o mesmo tema. A maior parte do pod pretende seguir para O Futuro das Operacoes depois — a conversa pode continuar la.",Comecem por aqui: redesenhar processos do zero e operacoes e cadeia de valor. Onde voces estao hoje: otimizando o que ja existe ou redesenhando do zero — e por que?
99,A,Rewire for Value,A2,10,Strategy,Other,2,Future of Operations,True,0.335,0.751,0.839,1.0,0.0,2.255,"Este grupo compartilha interesse em redesenhar processos do zero e operacoes e cadeia de valor. Ao mesmo tempo, reune 4 funcoes diferentes, trazendo angulos distintos sobre o mesmo tema. A maior parte do pod pretende seguir para O Futuro das Operacoes depois — a conversa pode continuar la.",Comecem por aqui: redesenhar processos do zero e operacoes e cadeia de valor. Onde voces estao hoje: otimizando o que ja existe ou redesenhando do zero — e por que?
82,A,Rewire for Value,A2,10,Risk/Legal,Professional Services,0,Future of Operations,True,0.335,0.751,0.839,1.0,0.0,2.255,"Este grupo compartilha interesse em redesenhar processos do zero e operacoes e cadeia de valor. Ao mesmo tempo, reune 4 funcoes diferentes, trazendo angulos distintos sobre o mesmo tema. A maior parte do pod pretende seguir para O Futuro das Operacoes depois — a conversa pode continuar la.",Comecem por aqui: redesenhar processos do zero e operacoes e cadeia de valor. Onde voces estao hoje: otimizando o que ja existe ou redesenhando do zero — e por que?
14,A,Rewire for Value,A2,10,Operations,Industrial/Manufacturing,1,Future of Operations,True,0.335,0.751,0.839,1.0,0.0,2.255,"Este grupo compartilha interesse em redesenhar processos do zero e operacoes e cadeia de valor. Ao mesmo tempo, reune 4 funcoes diferentes, trazendo angulos distintos sobre o mesmo tema. A maior parte do pod pretende seguir para O Futuro das Operacoes depois — a conversa pode continuar la.",Comecem por aqui: redesenhar processos do zero e operacoes e cadeia de valor. Onde voces estao hoje: otimizando o que ja existe ou redesenhando do zero — e por que?
18,A,Rewire for Value,A2,10,People/HR,Technology,1,Future of Operations,True,0.335,0.751,0.839,1.0,0.0,2.255,"Este grupo compartilha interesse em redesenhar processos do zero e operacoes e cadeia de valor. Ao mesmo tempo, reune 4 funcoes diferentes, trazendo angulos distintos sobre o mesmo tema. A maior parte do pod pretende seguir para O Futuro das Operacoes depois — a conversa pode continuar la.",Comecem por aqui: redesenhar processos do zero e operacoes e cadeia de valor. Onde voces estao hoje: otimizando o que ja existe ou redesenhando do zero — e por que?
44,A,Rewire for Value,A2,10,Strategy,Professional Services,0,Future of Operations,True,0.335,0.751,0.839,1.0,0.0,2.255,"Este grupo compartilha interesse em redesenhar processos do zero e operacoes e cadeia de valor. Ao mesmo tempo, reune 4 funcoes diferentes, trazendo angulos distintos sobre o mesmo tema. A maior parte do pod pretende seguir para O Futuro das Operacoes depois — a conversa pode continuar la.",Comecem por aqui: redesenhar processos do zero e operacoes e cadeia de valor. Onde voces estao hoje: otimizando o que ja existe ou redesenhando do zero — e por que?
51,A,Rewire for Value,A2,10,Operations,Industrial/Manufacturing,2,Future of Operations,True,0.335,0.751,0.839,1.0,0.0,2.255,"Este grupo compartilha interesse em redesenhar processos do zero e operacoes e cadeia de valor. Ao mesmo tempo, reune 4 funcoes diferentes, trazendo angulos distintos sobre o mesmo tema. A maior parte do pod pretende seguir para O Futuro das Operacoes depois — a conversa pode continuar la.",Comecem por aqui: redesenhar processos do zero e operacoes e cadeia de valor. Onde voces estao hoje: otimizando o que ja existe ou redesenhando do zero — e por que?
130,A,Rewire for Value,A3,9,Technology/Data,Professional Services,2,Future of Operations,True,0.379,0.625,0.712,1.0,0.0,2.135,"Este grupo compartilha interesse em escalar valor a partir de pilotos e crescimento comercial. Ao mesmo tempo, reune 5 funcoes diferentes, trazendo angulos distintos sobre o mesmo tema. A maior parte do pod pretende seguir para O Futuro das Operacoes depois — a conversa pode continuar la.",Comecem por aqui: escalar valor a partir de pilotos e crescimento comercial. Onde voces estao hoje: otimizando o que ja existe ou redesenhando do zero — e por que?
159,A,Rewire for Value,A3,9,Strategy,Energy,1,Future of Operations,True,0.379,0.625,0.712,1.0,0.0,2.135,"Este grupo compartilha interesse em escalar valor a partir de pilotos e crescimento comercial. Ao mesmo tempo, reune 5 funcoes diferentes, trazendo angulos distintos sobre o mesmo tema. A maior parte do pod pretende seguir para O Futuro das Operacoes depois — a conversa pode continuar la.",Comecem por aqui: escalar valor a partir de pilotos e crescimento comercial. Onde voces estao hoje: otimizando o que ja existe ou redesenhando do zero — e por que?
170,A,Rewire for Value,A3,9,Finance,Energy,0,Future of Operations,True,0.379,0.625,0.712,1.0,0.0,2.135,"Este grupo compartilha interesse em escalar valor a partir de pilotos e crescimento comercial. Ao mesmo tempo, reune 5 funcoes diferentes, trazendo angulos distintos sobre o mesmo tema. A maior parte do pod pretende seguir para O Futuro das Operacoes depois — a conversa pode continuar la.",Comecem por aqui: escalar valor a partir de pilotos e crescimento comercial. Onde voces estao hoje: otimizando o que ja existe ou redesenhando do zero — e por que?
151,A,Rewire for Value,A3,9,Operations,Industrial/Manufacturing,1,Future of Operations,True,0.379,0.625,0.712,1.0,0.0,2.135,"Este grupo compartilha interesse em escalar valor a partir de pilotos e crescimento comercial. Ao mesmo tempo, reune 5 funcoes diferentes, trazendo angulos distintos sobre o mesmo tema. A maior parte do pod pretende seguir para O Futuro das Operacoes depois — a conversa pode continuar la.",Comecem por aqui: escalar valor a partir de pilotos e crescimento comercial. Onde voces estao hoje: otimizando o que ja existe ou redesenhando do zero — e por que?
198,A,Rewire for Value,A3,9,Strategy,Technology,1,Future of Operations,True,0.379,0.625,0.712,1.0,0.0,2.135,"Este grupo compartilha interesse em escalar valor a partir de pilotos e crescimento comercial. Ao mesmo tempo, reune 5 funcoes diferentes, trazendo angulos distintos sobre o mesmo tema. A maior parte do pod pretende seguir para O Futuro das Operacoes depois — a conversa pode continuar la.",Comecem por aqui: escalar valor a partir de pilotos e crescimento comercial. Onde voces estao hoje: otimizando o que ja existe ou redesenhando do zero — e por que?
192,A,Rewire for Value,A3,9,Strategy,Energy,0,Future of Operations,True,0.379,0.625,0.712,1.0,0.0,2.135,"Este grupo compartilha interesse em escalar valor a partir de pilotos e crescimento comercial. Ao mesmo tempo, reune 5 funcoes diferentes, trazendo angulos distintos sobre o mesmo tema. A maior parte do pod pretende seguir para O Futuro das Operacoes depois — a conversa pode continuar la.",Comecem por aqui: escalar valor a partir de pilotos e crescimento comercial. Onde voces estao hoje: otimizando o que ja existe ou redesenhando do zero — e por que?
175,A,Rewire for Value,A3,9,Strategy,Professional Services,1,Future of Operations,True,0.379,0.625,0.712,1.0,0.0,2.135,"Este grupo compartilha interesse em escalar valor a partir de pilotos e crescimento comercial. Ao mesmo tempo, reune 5 funcoes diferentes, trazendo angulos distintos sobre o mesmo tema. A maior parte do pod pretende seguir para O Futuro das Operacoes depois — a conversa pode continuar la.",Comecem por aqui: escalar valor a partir de pilotos e crescimento comercial. Onde voces estao hoje: otimizando o que ja existe ou redesenhando do zero — e por que?
4,A,Rewire for Value,A3,9,Strategy,Professional Services,1,Future of Operations,True,0.379,0.625,0.712,1.0,0.0,2.135,"Este grupo compartilha interesse em escalar valor a partir de pilotos e crescimento comercial. Ao mesmo tempo, reune 5 funcoes diferentes, trazendo angulos distintos sobre o mesmo tema. A maior parte do pod pretende seguir para O Futuro das Operacoes depois — a conversa pode continuar la.",Comecem por aqui: escalar valor a partir de pilotos e crescimento comercial. Onde voces estao hoje: otimizando o que ja existe ou redesenhando do zero — e por que?
134,A,Rewire for Value,A3,9,Marketing/Sales,Energy,1,Future of Operations,True,0.379,0.625,0.712,1.0,0.0,2.135,"Este grupo compartilha interesse em escalar valor a partir de pilotos e crescimento comercial. Ao mesmo tempo, reune 5 funcoes diferentes, trazendo angulos distintos sobre o mesmo tema. A maior parte do pod pretende seguir para O Futuro das Operacoes depois — a conversa pode continuar la.",Comecem por aqui: escalar valor a partir de pilotos e crescimento comercial. Onde voces estao hoje: otimizando o que ja existe ou redesenhando do zero — e por que?
132,A,Rewire for Value,A4,17,Finance,Industrial/Manufacturing,1,Future of Financial Services,True,0.384,0.59,0.66,1.0,0.015,2.071,"Este grupo compartilha interesse em escalar valor a partir de pilotos e arquitetura de dados e modelos. Ao mesmo tempo, reune 5 funcoes diferentes, trazendo angulos distintos sobre o mesmo tema. A maior parte do pod pretende seguir para Como agentes de IA estao redefinindo os servicos financeiros depois — a conversa pode continuar la.",Comecem por aqui: escalar valor a partir de pilotos e arquitetura de dados e modelos. Onde voces estao hoje: otimizando o que ja existe ou redesenhando do zero — e por que?
108,A,Rewire for Value,A4,17,Marketing/Sales,Other,2,Future of Financial Services,True,0.384,0.59,0.66,1.0,0.015,2.071,"Este grupo compartilha interesse em escalar valor a partir de pilotos e arquitetura de dados e modelos. Ao mesmo tempo, reune 5 funcoes diferentes, trazendo angulos distintos sobre o mesmo tema. A maior parte do pod pretende seguir para Como agentes de IA estao redefinindo os servicos financeiros depois — a conversa pode continuar la.",Comecem por aqui: escalar valor a partir de pilotos e arquitetura de dados e modelos. Onde voces estao hoje: otimizando o que ja existe ou redesenhando do zero — e por que?
25,A,Rewire for Value,A4,17,Technology/Data,Technology,1,Future of Financial Services,True,0.384,0.59,0.66,1.0,0.015,2.071,"Este grupo compartilha interesse em escalar valor a partir de pilotos e arquitetura de dados e modelos. Ao mesmo tempo, reune 5 funcoes diferentes, trazendo angulos distintos sobre o mesmo tema. A maior parte do pod pretende seguir para Como agentes de IA estao redefinindo os servicos financeiros depois — a conversa pode continuar la.",Comecem por aqui: escalar valor a partir de pilotos e arquitetura de dados e modelos. Onde voces estao hoje: otimizando o que ja existe ou redesenhando do zero — e por que?
107,A,Rewire for Value,A4,17,Strategy,Financial Services,0,Future of Financial Services,True,0.384,0.59,0.66,1.0,0.015,2.071,"Este grupo compartilha interesse em escalar valor a partir de pilotos e arquitetura de dados e modelos. Ao mesmo tempo, reune 5 funcoes diferentes, trazendo angulos distintos sobre o mesmo tema. A maior parte do pod pretende seguir para Como agentes de IA estao redefinindo os servicos financeiros depois — a conversa pode continuar la.",Comecem por aqui: escalar valor a partir de pilotos e arquitetura de dados e modelos. Onde voces estao hoje: otimizando o que ja existe ou redesenhando do zero — e por que?
135,A,Rewire for Value,A4,17,Other,Other,1,Future of Financial Services,True,0.384,0.59,0.66,1.0,0.015,2.071,"Este grupo compartilha interesse em escalar valor a partir de pilotos e arquitetura de dados e modelos. Ao mesmo tempo, reune 5 funcoes diferentes, trazendo angulos distintos sobre o mesmo tema. A maior parte do pod pretende seguir para Como agentes de IA estao redefinindo os servicos financeiros depois — a conversa pode continuar la.",Comecem por aqui: escalar valor a partir de pilotos e arquitetura de dados e modelos. Onde voces estao hoje: otimizando o que ja existe ou redesenhando do zero — e por que?
81,A,Rewire for Value,A4,17,Finance,Financial Services,1,Future of Financial Services,True,0.384,0.59,0.66,1.0,0.015,2.071,"Este grupo compartilha interesse em escalar valor a partir de pilotos e arquitetura de dados e modelos. Ao mesmo tempo, reune 5 funcoes diferentes, trazendo angulos distintos sobre o mesmo tema. A maior parte do pod pretende seguir para Como agentes de IA estao redefinindo os servicos financeiros depois — a conversa pode continuar la.",Comecem por aqui: escalar valor a partir de pilotos e arquitetura de dados e modelos. Onde voces estao hoje: otimizando o que ja existe ou redesenhando do zero — e por que?
189,A,Rewire for Value,A4,17,Marketing/Sales,Financial Services,2,Future of Financial Services,True,0.384,0.59,0.66,1.0,0.015,2.071,"Este grupo compartilha interesse em escalar valor a partir de pilotos e arquitetura de dados e modelos. Ao mesmo tempo, reune 5 funcoes diferentes, trazendo angulos distintos sobre o mesmo tema. A maior parte do pod pretende seguir para Como agentes de IA estao redefinindo os servicos financeiros depois — a conversa pode continuar la.",Comecem por aqui: escalar valor a partir de pilotos e arquitetura de dados e modelos. Onde voces estao hoje: otimizando o que ja existe ou redesenhando do zero — e por que?
13,A,Rewire for Value,A4,17,Finance,Financial Services,0,Future of Financial Services,True,0.384,0.59,0.66,1.0,0.015,2.071,"Este grupo compartilha interesse em escalar valor a partir de pilotos e arquitetura de dados e modelos. Ao mesmo tempo, reune 5 funcoes diferentes, trazendo angulos distintos sobre o mesmo tema. A maior parte do pod pretende seguir para Como agentes de IA estao redefinindo os servicos financeiros depois — a conversa pode continuar la.",Comecem por aqui: escalar valor a partir de pilotos e arquitetura de dados e modelos. Onde voces estao hoje: otimizando o que ja existe ou redesenhando do zero — e por que?
17,A,Rewire for Value,A4,17,Marketing/Sales,Financial Services,2,Future of Financial Services,True,0.384,0.59,0.66,1.0,0.015,2.071,"Este grupo compartilha interesse em escalar valor a partir de pilotos e arquitetura de dados e modelos. Ao mesmo tempo, reune 5 funcoes diferentes, trazendo angulos distintos sobre o mesmo tema. A maior parte do pod pretende seguir para Como agentes de IA estao redefinindo os servicos financeiros depois — a conversa pode continuar la.",Comecem por aqui: escalar valor a partir de pilotos e arquitetura de dados e modelos. Onde voces estao hoje: otimizando o que ja existe ou redesenhando do zero — e por que?
101,A,Rewire for Value,A4,17,Finance,Energy,0,Future of Financial Services,True,0.384,0.59,0.66,1.0,0.015,2.071,"Este grupo compartilha interesse em escalar valor a partir de pilotos e arquitetura de dados e modelos. Ao mesmo tempo, reune 5 funcoes diferentes, trazendo angulos distintos sobre o mesmo tema. A maior parte do pod pretende seguir para Como agentes de IA estao redefinindo os servicos financeiros depois — a conversa pode continuar la.",Comecem por aqui: escalar valor a partir de pilotos e arquitetura de dados e modelos. Onde voces estao hoje: otimizando o que ja existe ou redesenhando do zero — e por que?
165,A,Rewire for Value,A4,17,Marketing/Sales,Financial Services,1,Future of Financial Services,True,0.384,0.59,0.66,1.0,0.015,2.071,"Este grupo compartilha interesse em escalar valor a partir de pilotos e arquitetura de dados e modelos. Ao mesmo tempo, reune 5 funcoes diferentes, trazendo angulos distintos sobre o mesmo tema. A maior parte do pod pretende seguir para Como agentes de IA estao redefinindo os servicos financeiros depois — a conversa pode continuar la.",Comecem por aqui: escalar valor a partir de pilotos e arquitetura de dados e modelos. Onde voces estao hoje: otimizando o que ja existe ou redesenhando do zero — e por que?
48,A,Rewire for Value,A4,17,Finance,Financial Services,2,Future of Financial Services,True,0.384,0.59,0.66,1.0,0.015,2.071,"Este grupo compartilha interesse em escalar valor a partir de pilotos e arquitetura de dados e modelos. Ao mesmo tempo, reune 5 funcoes diferentes, trazendo angulos distintos sobre o mesmo tema. A maior parte do pod pretende seguir para Como agentes de IA estao redefinindo os servicos financeiros depois — a conversa pode continuar la.",Comecem por aqui: escalar valor a partir de pilotos e arquitetura de dados e modelos. Onde voces estao hoje: otimizando o que ja existe ou redesenhando do zero — e por que?
65,A,Rewire for Value,A4,17,Finance,Technology,1,Future of Financial Services,True,0.384,0.59,0.66,1.0,0.015,2.071,"Este grupo compartilha interesse em escalar valor a partir de pilotos e arquitetura de dados e modelos. Ao mesmo tempo, reune 5 funcoes diferentes, trazendo angulos distintos sobre o mesmo tema. A maior parte do pod pretende seguir para Como agentes de IA estao redefinindo os servicos financeiros depois — a conversa pode continuar la.",Comecem por aqui: escalar valor a partir de pilotos e arquitetura de dados e modelos. Onde voces estao hoje: otimizando o que ja existe ou redesenhando do zero — e por que?
56,A,Rewire for Value,A4,17,Finance,Industrial/Manufacturing,2,Future of Financial Services,True,0.384,0.59,0.66,1.0,0.015,2.071,"Este grupo compartilha interesse em escalar valor a partir de pilotos e arquitetura de dados e modelos. Ao mesmo tempo, reune 5 funcoes diferentes, trazendo angulos distintos sobre o mesmo tema. A maior parte do pod pretende seguir para Como agentes de IA estao redefinindo os servicos financeiros depois — a conversa pode continuar la.",Comecem por aqui: escalar valor a partir de pilotos e arquitetura de dados e modelos. Onde voces estao hoje: otimizando o que ja existe ou redesenhando do zero — e por que?
95,A,Rewire for Value,A4,17,Finance,Financial Services,1,Future of Financial Services,True,0.384,0.59,0.66,1.0,0.015,2.071,"Este grupo compartilha interesse em escalar valor a partir de pilotos e arquitetura de dados e modelos. Ao mesmo tempo, reune 5 funcoes diferentes, trazendo angulos distintos sobre o mesmo tema. A maior parte do pod pretende seguir para Como agentes de IA estao redefinindo os servicos financeiros depois — a conversa pode continuar la.",Comecem por aqui: escalar valor a partir de pilotos e arquitetura de dados e modelos. Onde voces estao hoje: otimizando o que ja existe ou redesenhando do zero — e por que?
200,A,Rewire for Value,A4,17,Finance,Financial Services,1,Future of Financial Services,True,0.384,0.59,0.66,1.0,0.015,2.071,"Este grupo compartilha interesse em escalar valor a partir de pilotos e arquitetura de dados e modelos. Ao mesmo tempo, reune 5 funcoes diferentes, trazendo angulos distintos sobre o mesmo tema. A maior parte do pod pretende seguir para Como agentes de IA estao redefinindo os servicos financeiros depois — a conversa pode continuar la.",Comecem por aqui: escalar valor a partir de pilotos e arquitetura de dados e modelos. Onde voces estao hoje: otimizando o que ja existe ou redesenhando do zero — e por que?
161,A,Rewire for Value,A4,17,Finance,Other,1,Future of Financial Services,True,0.384,0.59,0.66,1.0,0.015,2.071,"Este grupo compartilha interesse em escalar valor a partir de pilotos e arquitetura de dados e modelos. Ao mesmo tempo, reune 5 funcoes diferentes, trazendo angulos distintos sobre o mesmo tema. A maior parte do pod pretende seguir para Como agentes de IA estao redefinindo os servicos financeiros depois — a conversa pode continuar la.",Comecem por aqui: escalar valor a partir de pilotos e arquitetura de dados e modelos. Onde voces estao hoje: otimizando o que ja existe ou redesenhando do zero — e por que?
24,A,Rewire for Value,A5,17,Marketing/Sales,Industrial/Manufacturing,0,Reinvention of Commerce,True,0.359,0.618,0.676,1.0,0.01,2.081,"Este grupo compartilha interesse em escalar valor a partir de pilotos e crescimento comercial. Ao mesmo tempo, reune 5 funcoes diferentes, trazendo angulos distintos sobre o mesmo tema. A maior parte do pod pretende seguir para A Reinvencao do Comercio depois — a conversa pode continuar la.",Comecem por aqui: escalar valor a partir de pilotos e crescimento comercial. Onde voces estao hoje: otimizando o que ja existe ou redesenhando do zero — e por que?
57,A,Rewire for Value,A5,17,People/HR,Consumer/Retail,0,Reinvention of Commerce,True,0.359,0.618,0.676,1.0,0.01,2.081,"Este grupo compartilha interesse em escalar valor a partir de pilotos e crescimento comercial. Ao mesmo tempo, reune 5 funcoes diferentes, trazendo angulos distintos sobre o mesmo tema. A maior parte do pod pretende seguir para A Reinvencao do Comercio depois — a conversa pode continuar la.",Comecem por aqui: escalar valor a partir de pilotos e crescimento comercial. Onde voces estao hoje: otimizando o que ja existe ou redesenhando do zero — e por que?
66,A,Rewire for Value,A5,17,Operations,Consumer/Retail,1,Reinvention of Commerce,True,0.359,0.618,0.676,1.0,0.01,2.081,"Este grupo compartilha interesse em escalar valor a partir de pilotos e crescimento comercial. Ao mesmo tempo, reune 5 funcoes diferentes, trazendo angulos distintos sobre o mesmo tema. A maior parte do pod pretende seguir para A Reinvencao do Comercio depois — a conversa pode continuar la.",Comecem por aqui: escalar valor a partir de pilotos e crescimento comercial. Onde voces estao hoje: otimizando o que ja existe ou redesenhando do zero — e por que?
176,A,Rewire for Value,A5,17,Finance,Consumer/Retail,2,Reinvention of Commerce,True,0.359,0.618,0.676,1.0,0.01,2.081,"Este grupo compartilha interesse em escalar valor a partir de pilotos e crescimento comercial. Ao mesmo tempo, reune 5 funcoes diferentes, trazendo angulos distintos sobre o mesmo tema. A maior parte do pod pretende seguir para A Reinvencao do Comercio depois — a conversa pode continuar la.",Comecem por aqui: escalar valor a partir de pilotos e crescimento comercial. Onde voces estao hoje: otimizando o que ja existe ou redesenhando do zero — e por que?
129,A,Rewire for Value,A5,17,Strategy,Consumer/Retail,1,Reinvention of Commerce,True,0.359,0.618,0.676,1.0,0.01,2.081,"Este grupo compartilha interesse em escalar valor a partir de pilotos e crescimento comercial. Ao mesmo tempo, reune 5 funcoes diferentes, trazendo angulos distintos sobre o mesmo tema. A maior parte do pod pretende seguir para A Reinvencao do Comercio depois — a conversa pode continuar la.",Comecem por aqui: escalar valor a partir de pilotos e crescimento comercial. Onde voces estao hoje: otimizando o que ja existe ou redesenhando do zero — e por que?
59,A,Rewire for Value,A5,17,Marketing/Sales,Technology,2,Reinvention of Commerce,True,0.359,0.618,0.676,1.0,0.01,2.081,"Este grupo compartilha interesse em escalar valor a partir de pilotos e crescimento comercial. Ao mesmo tempo, reune 5 funcoes diferentes, trazendo angulos distintos sobre o mesmo tema. A maior parte do pod pretende seguir para A Reinvencao do Comercio depois — a conversa pode continuar la.",Comecem por aqui: escalar valor a partir de pilotos e crescimento comercial. Onde voces estao hoje: otimizando o que ja existe ou redesenhando do zero — e por que?
106,A,Rewire for Value,A5,17,Operations,Consumer/Retail,2,Reinvention of Commerce,True,0.359,0.618,0.676,1.0,0.01,2.081,"Este grupo compartilha interesse em escalar valor a partir de pilotos e crescimento comercial. Ao mesmo tempo, reune 5 funcoes diferentes, trazendo angulos distintos sobre o mesmo tema. A maior parte do pod pretende seguir para A Reinvencao do Comercio depois — a conversa pode continuar la.",Comecem por aqui: escalar valor a partir de pilotos e crescimento comercial. Onde voces estao hoje: otimizando o que ja existe ou redesenhando do zero — e por que?
86,A,Rewire for Value,A5,17,Finance,Consumer/Retail,1,Reinvention of Commerce,True,0.359,0.618,0.676,1.0,0.01,2.081,"Este grupo compartilha interesse em escalar valor a partir de pilotos e crescimento comercial. Ao mesmo tempo, reune 5 funcoes diferentes, trazendo angulos distintos sobre o mesmo tema. A maior parte do pod pretende seguir para A Reinvencao do Comercio depois — a conversa pode continuar la.",Comecem por aqui: escalar valor a partir de pilotos e crescimento comercial. Onde voces estao hoje: otimizando o que ja existe ou redesenhando do zero — e por que?
90,A,Rewire for Value,A5,17,Strategy,Professional Services,2,Reinvention of Commerce,True,0.359,0.618,0.676,1.0,0.01,2.081,"Este grupo compartilha interesse em escalar valor a partir de pilotos e crescimento comercial. Ao mesmo tempo, reune 5 funcoes diferentes, trazendo angulos distintos sobre o mesmo tema. A maior parte do pod pretende seguir para A Reinvencao do Comercio depois — a conversa pode continuar la.",Comecem por aqui: escalar valor a partir de pilotos e crescimento comercial. Onde voces estao hoje: otimizando o que ja existe ou redesenhando do zero — e por que?
208,A,Rewire for Value,A5,17,Marketing/Sales,Technology,2,Reinvention of Commerce,True,0.359,0.618,0.676,1.0,0.01,2.081,"Este grupo compartilha interesse em escalar valor a partir de pilotos e crescimento comercial. Ao mesmo tempo, reune 5 funcoes diferentes, trazendo angulos distintos sobre o mesmo tema. A maior parte do pod pretende seguir para A Reinvencao do Comercio depois — a conversa pode continuar la.",Comecem por aqui: escalar valor a partir de pilotos e crescimento comercial. Onde voces estao hoje: otimizando o que ja existe ou redesenhando do zero — e por que?
196,A,Rewire for Value,A5,17,Operations,Consumer/Retail,1,Reinvention of Commerce,True,0.359,0.618,0.676,1.0,0.01,2.081,"Este grupo compartilha interesse em escalar valor a partir de pilotos e crescimento comercial. Ao mesmo tempo, reune 5 funcoes diferentes, trazendo angulos distintos sobre o mesmo tema. A maior parte do pod pretende seguir para A Reinvencao do Comercio depois — a conversa pode continuar la.",Comecem por aqui: escalar valor a partir de pilotos e crescimento comercial. Onde voces estao hoje: otimizando o que ja existe ou redesenhando do zero — e por que?
110,A,Rewire for Value,A5,17,Finance,Consumer/Retail,1,Reinvention of Commerce,True,0.359,0.618,0.676,1.0,0.01,2.081,"Este grupo compartilha interesse em escalar valor a partir de pilotos e crescimento comercial. Ao mesmo tempo, reune 5 funcoes diferentes, trazendo angulos distintos sobre o mesmo tema. A maior parte do pod pretende seguir para A Reinvencao do Comercio depois — a conversa pode continuar la.",Comecem por aqui: escalar valor a partir de pilotos e crescimento comercial. Onde voces estao hoje: otimizando o que ja existe ou redesenhando do zero — e por que?
184,A,Rewire for Value,A5,17,Strategy,Consumer/Retail,2,Reinvention of Commerce,True,0.359,0.618,0.676,1.0,0.01,2.081,"Este grupo compartilha interesse em escalar valor a partir de pilotos e crescimento comercial. Ao mesmo tempo, reune 5 funcoes diferentes, trazendo angulos distintos sobre o mesmo tema. A maior parte do pod pretende seguir para A Reinvencao do Comercio depois — a conversa pode continuar la.",Comecem por aqui: escalar valor a partir de pilotos e crescimento comercial. Onde voces estao hoje: otimizando o que ja existe ou redesenhando do zero — e por que?
45,A,Rewire for Value,A5,17,Marketing/Sales,Technology,2,Reinvention of Commerce,True,0.359,0.618,0.676,1.0,0.01,2.081,"Este grupo compartilha interesse em escalar valor a partir de pilotos e crescimento comercial. Ao mesmo tempo, reune 5 funcoes diferentes, trazendo angulos distintos sobre o mesmo tema. A maior parte do pod pretende seguir para A Reinvencao do Comercio depois — a conversa pode continuar la.",Comecem por aqui: escalar valor a partir de pilotos e crescimento comercial. Onde voces estao hoje: otimizando o que ja existe ou redesenhando do zero — e por que?
35,A,Rewire for Value,A5,17,Marketing/Sales,Consumer/Retail,1,Reinvention of Commerce,True,0.359,0.618,0.676,1.0,0.01,2.081,"Este grupo compartilha interesse em escalar valor a partir de pilotos e crescimento comercial. Ao mesmo tempo, reune 5 funcoes diferentes, trazendo angulos distintos sobre o mesmo tema. A maior parte do pod pretende seguir para A Reinvencao do Comercio depois — a conversa pode continuar la.",Comecem por aqui: escalar valor a partir de pilotos e crescimento comercial. Onde voces estao hoje: otimizando o que ja existe ou redesenhando do zero — e por que?
160,A,Rewire for Value,A5,17,Marketing/Sales,Consumer/Retail,2,Reinvention of Commerce,True,0.359,0.618,0.676,1.0,0.01,2.081,"Este grupo compartilha interesse em escalar valor a partir de pilotos e crescimento comercial. Ao mesmo tempo, reune 5 funcoes diferentes, trazendo angulos distintos sobre o mesmo tema. A maior parte do pod pretende seguir para A Reinvencao do Comercio depois — a conversa pode continuar la.",Comecem por aqui: escalar valor a partir de pilotos e crescimento comercial. Onde voces estao hoje: otimizando o que ja existe ou redesenhando do zero — e por que?
79,A,Rewire for Value,A5,17,Marketing/Sales,Consumer/Retail,2,Reinvention of Commerce,True,0.359,0.618,0.676,1.0,0.01,2.081,"Este grupo compartilha interesse em escalar valor a partir de pilotos e crescimento comercial. Ao mesmo tempo, reune 5 funcoes diferentes, trazendo angulos distintos sobre o mesmo tema. A maior parte do pod pretende seguir para A Reinvencao do Comercio depois — a conversa pode continuar la.",Comecem por aqui: escalar valor a partir de pilotos e crescimento comercial. Onde voces estao hoje: otimizando o que ja existe ou redesenhando do zero — e por que?
41,B,Trust x Autonomy,B1,10,Finance,Financial Services,1,Future of Financial Services,True,0.438,0.54,0.661,1.0,0.0,2.1,"Este grupo compartilha interesse em agentes autonomos e arquitetura de dados e modelos. Ao mesmo tempo, reune 4 funcoes diferentes, trazendo angulos distintos sobre o mesmo tema. A maior parte do pod pretende seguir para Como agentes de IA estao redefinindo os servicos financeiros depois — a conversa pode continuar la.","Comecem por aqui: agentes autonomos e arquitetura de dados e modelos. Onde a aprovacao humana deveria continuar obrigatoria, mesmo com agentes mais capazes?"
9,B,Trust x Autonomy,B1,10,Finance,Financial Services,1,Future of Financial Services,True,0.438,0.54,0.661,1.0,0.0,2.1,"Este grupo compartilha interesse em agentes autonomos e arquitetura de dados e modelos. Ao mesmo tempo, reune 4 funcoes diferentes, trazendo angulos distintos sobre o mesmo tema. A maior parte do pod pretende seguir para Como agentes de IA estao redefinindo os servicos financeiros depois — a conversa pode continuar la.","Comecem por aqui: agentes autonomos e arquitetura de dados e modelos. Onde a aprovacao humana deveria continuar obrigatoria, mesmo com agentes mais capazes?"
136,B,Trust x Autonomy,B1,10,Risk/Legal,Financial Services,1,Future of Financial Services,True,0.438,0.54,0.661,1.0,0.0,2.1,"Este grupo compartilha interesse em agentes autonomos e arquitetura de dados e modelos. Ao mesmo tempo, reune 4 funcoes diferentes, trazendo angulos distintos sobre o mesmo tema. A maior parte do pod pretende seguir para Como agentes de IA estao redefinindo os servicos financeiros depois — a conversa pode continuar la.","Comecem por aqui: agentes autonomos e arquitetura de dados e modelos. Onde a aprovacao humana deveria continuar obrigatoria, mesmo com agentes mais capazes?"
32,B,Trust x Autonomy,B1,10,Finance,Financial Services,0,Future of Financial Services,True,0.438,0.54,0.661,1.0,0.0,2.1,"Este grupo compartilha interesse em agentes autonomos e arquitetura de dados e modelos. Ao mesmo tempo, reune 4 funcoes diferentes, trazendo angulos distintos sobre o mesmo tema. A maior parte do pod pretende seguir para Como agentes de IA estao redefinindo os servicos financeiros depois — a conversa pode continuar la.","Comecem por aqui: agentes autonomos e arquitetura de dados e modelos. Onde a aprovacao humana deveria continuar obrigatoria, mesmo com agentes mais capazes?"
87,B,Trust x Autonomy,B1,10,Marketing/Sales,Financial Services,2,Future of Financial Services,True,0.438,0.54,0.661,1.0,0.0,2.1,"Este grupo compartilha interesse em agentes autonomos e arquitetura de dados e modelos. Ao mesmo tempo, reune 4 funcoes diferentes, trazendo angulos distintos sobre o mesmo tema. A maior parte do pod pretende seguir para Como agentes de IA estao redefinindo os servicos financeiros depois — a conversa pode continuar la.","Comecem por aqui: agentes autonomos e arquitetura de dados e modelos. Onde a aprovacao humana deveria continuar obrigatoria, mesmo com agentes mais capazes?"
193,B,Trust x Autonomy,B1,10,Technology/Data,Financial Services,2,Future of Financial Services,True,0.438,0.54,0.661,1.0,0.0,2.1,"Este grupo compartilha interesse em agentes autonomos e arquitetura de dados e modelos. Ao mesmo tempo, reune 4 funcoes diferentes, trazendo angulos distintos sobre o mesmo tema. A maior parte do pod pretende seguir para Como agentes de IA estao redefinindo os servicos financeiros depois — a conversa pode continuar la.","Comecem por aqui: agentes autonomos e arquitetura de dados e modelos. Onde a aprovacao humana deveria continuar obrigatoria, mesmo com agentes mais capazes?"
1,B,Trust x Autonomy,B1,10,Technology/Data,Financial Services,2,Future of Financial Services,True,0.438,0.54,0.661,1.0,0.0,2.1,"Este grupo compartilha interesse em agentes autonomos e arquitetura de dados e modelos. Ao mesmo tempo, reune 4 funcoes diferentes, trazendo angulos distintos sobre o mesmo tema. A maior parte do pod pretende seguir para Como agentes de IA estao redefinindo os servicos financeiros depois — a conversa pode continuar la.","Comecem por aqui: agentes autonomos e arquitetura de dados e modelos. Onde a aprovacao humana deveria continuar obrigatoria, mesmo com agentes mais capazes?"
148,B,Trust x Autonomy,B1,10,Finance,Technology,0,Future of Financial Services,True,0.438,0.54,0.661,1.0,0.0,2.1,"Este grupo compartilha interesse em agentes autonomos e arquitetura de dados e modelos. Ao mesmo tempo, reune 4 funcoes diferentes, trazendo angulos distintos sobre o mesmo tema. A maior parte do pod pretende seguir para Como agentes de IA estao redefinindo os servicos financeiros depois — a conversa pode continuar la.","Comecem por aqui: agentes autonomos e arquitetura de dados e modelos. Onde a aprovacao humana deveria continuar obrigatoria, mesmo com agentes mais capazes?"
100,B,Trust x Autonomy,B1,10,Technology/Data,Financial Services,1,Future of Financial Services,True,0.438,0.54,0.661,1.0,0.0,2.1,"Este grupo compartilha interesse em agentes autonomos e arquitetura de dados e modelos. Ao mesmo tempo, reune 4 funcoes diferentes, trazendo angulos distintos sobre o mesmo tema. A maior parte do pod pretende seguir para Como agentes de IA estao redefinindo os servicos financeiros depois — a conversa pode continuar la.","Comecem por aqui: agentes autonomos e arquitetura de dados e modelos. Onde a aprovacao humana deveria continuar obrigatoria, mesmo com agentes mais capazes?"
177,B,Trust x Autonomy,B1,10,Technology/Data,Financial Services,0,Future of Financial Services,True,0.438,0.54,0.661,1.0,0.0,2.1,"Este grupo compartilha interesse em agentes autonomos e arquitetura de dados e modelos. Ao mesmo tempo, reune 4 funcoes diferentes, trazendo angulos distintos sobre o mesmo tema. A maior parte do pod pretende seguir para Como agentes de IA estao redefinindo os servicos financeiros depois — a conversa pode continuar la.","Comecem por aqui: agentes autonomos e arquitetura de dados e modelos. Onde a aprovacao humana deveria continuar obrigatoria, mesmo com agentes mais capazes?"
128,B,Trust x Autonomy,B2,10,Other,Financial Services,1,Future of Financial Services,True,0.475,0.586,0.644,1.0,0.031,2.135,"Este grupo compartilha interesse em arquitetura de dados e modelos e governanca e risco. Ao mesmo tempo, reune 5 funcoes diferentes, trazendo angulos distintos sobre o mesmo tema. A maior parte do pod pretende seguir para Como agentes de IA estao redefinindo os servicos financeiros depois — a conversa pode continuar la.","Comecem por aqui: arquitetura de dados e modelos e governanca e risco. Onde a aprovacao humana deveria continuar obrigatoria, mesmo com agentes mais capazes?"
117,B,Trust x Autonomy,B2,10,Finance,Financial Services,2,Future of Financial Services,True,0.475,0.586,0.644,1.0,0.031,2.135,"Este grupo compartilha interesse em arquitetura de dados e modelos e governanca e risco. Ao mesmo tempo, reune 5 funcoes diferentes, trazendo angulos distintos sobre o mesmo tema. A maior parte do pod pretende seguir para Como agentes de IA estao redefinindo os servicos financeiros depois — a conversa pode continuar la.","Comecem por aqui: arquitetura de dados e modelos e governanca e risco. Onde a aprovacao humana deveria continuar obrigatoria, mesmo com agentes mais capazes?"
207,B,Trust x Autonomy,B2,10,Finance,Energy,0,Future of Financial Services,True,0.475,0.586,0.644,1.0,0.031,2.135,"Este grupo compartilha interesse em arquitetura de dados e modelos e governanca e risco. Ao mesmo tempo, reune 5 funcoes diferentes, trazendo angulos distintos sobre o mesmo tema. A maior parte do pod pretende seguir para Como agentes de IA estao redefinindo os servicos financeiros depois — a conversa pode continuar la.","Comecem por aqui: arquitetura de dados e modelos e governanca e risco. Onde a aprovacao humana deveria continuar obrigatoria, mesmo com agentes mais capazes?"
111,B,Trust x Autonomy,B2,10,Risk/Legal,Financial Services,1,Future of Financial Services,True,0.475,0.586,0.644,1.0,0.031,2.135,"Este grupo compartilha interesse em arquitetura de dados e modelos e governanca e risco. Ao mesmo tempo, reune 5 funcoes diferentes, trazendo angulos distintos sobre o mesmo tema. A maior parte do pod pretende seguir para Como agentes de IA estao redefinindo os servicos financeiros depois — a conversa pode continuar la.","Comecem por aqui: arquitetura de dados e modelos e governanca e risco. Onde a aprovacao humana deveria continuar obrigatoria, mesmo com agentes mais capazes?"
181,B,Trust x Autonomy,B2,10,Finance,Financial Services,2,Future of Financial Services,True,0.475,0.586,0.644,1.0,0.031,2.135,"Este grupo compartilha interesse em arquitetura de dados e modelos e governanca e risco. Ao mesmo tempo, reune 5 funcoes diferentes, trazendo angulos distintos sobre o mesmo tema. A maior parte do pod pretende seguir para Como agentes de IA estao redefinindo os servicos financeiros depois — a conversa pode continuar la.","Comecem por aqui: arquitetura de dados e modelos e governanca e risco. Onde a aprovacao humana deveria continuar obrigatoria, mesmo com agentes mais capazes?"
121,B,Trust x Autonomy,B2,10,Finance,Financial Services,2,Future of Financial Services,True,0.475,0.586,0.644,1.0,0.031,2.135,"Este grupo compartilha interesse em arquitetura de dados e modelos e governanca e risco. Ao mesmo tempo, reune 5 funcoes diferentes, trazendo angulos distintos sobre o mesmo tema. A maior parte do pod pretende seguir para Como agentes de IA estao redefinindo os servicos financeiros depois — a conversa pode continuar la.","Comecem por aqui: arquitetura de dados e modelos e governanca e risco. Onde a aprovacao humana deveria continuar obrigatoria, mesmo com agentes mais capazes?"
164,B,Trust x Autonomy,B2,10,Risk/Legal,Financial Services,1,Future of Financial Services,True,0.475,0.586,0.644,1.0,0.031,2.135,"Este grupo compartilha interesse em arquitetura de dados e modelos e governanca e risco. Ao mesmo tempo, reune 5 funcoes diferentes, trazendo angulos distintos sobre o mesmo tema. A maior parte do pod pretende seguir para Como agentes de IA estao redefinindo os servicos financeiros depois — a conversa pode continuar la.","Comecem por aqui: arquitetura de dados e modelos e governanca e risco. Onde a aprovacao humana deveria continuar obrigatoria, mesmo com agentes mais capazes?"
149,B,Trust x Autonomy,B2,10,Strategy,Other,1,Future of Financial Services,True,0.475,0.586,0.644,1.0,0.031,2.135,"Este grupo compartilha interesse em arquitetura de dados e modelos e governanca e risco. Ao mesmo tempo, reune 5 funcoes diferentes, trazendo angulos distintos sobre o mesmo tema. A maior parte do pod pretende seguir para Como agentes de IA estao redefinindo os servicos financeiros depois — a conversa pode continuar la.","Comecem por aqui: arquitetura de dados e modelos e governanca e risco. Onde a aprovacao humana deveria continuar obrigatoria, mesmo com agentes mais capazes?"
63,B,Trust x Autonomy,B2,10,Risk/Legal,Financial Services,2,Future of Financial Services,True,0.475,0.586,0.644,1.0,0.031,2.135,"Este grupo compartilha interesse em arquitetura de dados e modelos e governanca e risco. Ao mesmo tempo, reune 5 funcoes diferentes, trazendo angulos distintos sobre o mesmo tema. A maior parte do pod pretende seguir para Como agentes de IA estao redefinindo os servicos financeiros depois — a conversa pode continuar la.","Comecem por aqui: arquitetura de dados e modelos e governanca e risco. Onde a aprovacao humana deveria continuar obrigatoria, mesmo com agentes mais capazes?"
91,B,Trust x Autonomy,B2,10,Technology/Data,Financial Services,2,Future of Financial Services,True,0.475,0.586,0.644,1.0,0.031,2.135,"Este grupo compartilha interesse em arquitetura de dados e modelos e governanca e risco. Ao mesmo tempo, reune 5 funcoes diferentes, trazendo angulos distintos sobre o mesmo tema. A maior parte do pod pretende seguir para Como agentes de IA estao redefinindo os servicos financeiros depois — a conversa pode continuar la.","Comecem por aqui: arquitetura de dados e modelos e governanca e risco. Onde a aprovacao humana deveria continuar obrigatoria, mesmo com agentes mais capazes?"
131,B,Trust x Autonomy,B3,9,Other,Technology,2,Future of Financial Services,True,0.446,0.651,0.764,1.0,0.0,2.249,"Este grupo compartilha interesse em governanca e risco e arquitetura de dados e modelos. Ao mesmo tempo, reune 5 funcoes diferentes, trazendo angulos distintos sobre o mesmo tema. A maior parte do pod pretende seguir para Como agentes de IA estao redefinindo os servicos financeiros depois — a conversa pode continuar la.","Comecem por aqui: governanca e risco e arquitetura de dados e modelos. Onde a aprovacao humana deveria continuar obrigatoria, mesmo com agentes mais capazes?"
140,B,Trust x Autonomy,B3,9,Finance,Energy,2,Future of Financial Services,True,0.446,0.651,0.764,1.0,0.0,2.249,"Este grupo compartilha interesse em governanca e risco e arquitetura de dados e modelos. Ao mesmo tempo, reune 5 funcoes diferentes, trazendo angulos distintos sobre o mesmo tema. A maior parte do pod pretende seguir para Como agentes de IA estao redefinindo os servicos financeiros depois — a conversa pode continuar la.","Comecem por aqui: governanca e risco e arquitetura de dados e modelos. Onde a aprovacao humana deveria continuar obrigatoria, mesmo com agentes mais capazes?"
8,B,Trust x Autonomy,B3,9,Finance,Financial Services,0,Future of Financial Services,True,0.446,0.651,0.764,1.0,0.0,2.249,"Este grupo compartilha interesse em governanca e risco e arquitetura de dados e modelos. Ao mesmo tempo, reune 5 funcoes diferentes, trazendo angulos distintos sobre o mesmo tema. A maior parte do pod pretende seguir para Como agentes de IA estao redefinindo os servicos financeiros depois — a conversa pode continuar la.","Comecem por aqui: governanca e risco e arquitetura de dados e modelos. Onde a aprovacao humana deveria continuar obrigatoria, mesmo com agentes mais capazes?"
210,B,Trust x Autonomy,B3,9,Technology/Data,Financial Services,2,Future of Financial Services,True,0.446,0.651,0.764,1.0,0.0,2.249,"Este grupo compartilha interesse em governanca e risco e arquitetura de dados e modelos. Ao mesmo tempo, reune 5 funcoes diferentes, trazendo angulos distintos sobre o mesmo tema. A maior parte do pod pretende seguir para Como agentes de IA estao redefinindo os servicos financeiros depois — a conversa pode continuar la.","Comecem por aqui: governanca e risco e arquitetura de dados e modelos. Onde a aprovacao humana deveria continuar obrigatoria, mesmo com agentes mais capazes?"
36,B,Trust x Autonomy,B3,9,Risk/Legal,Financial Services,1,Future of Financial Services,True,0.446,0.651,0.764,1.0,0.0,2.249,"Este grupo compartilha interesse em governanca e risco e arquitetura de dados e modelos. Ao mesmo tempo, reune 5 funcoes diferentes, trazendo angulos distintos sobre o mesmo tema. A maior parte do pod pretende seguir para Como agentes de IA estao redefinindo os servicos financeiros depois — a conversa pode continuar la.","Comecem por aqui: governanca e risco e arquitetura de dados e modelos. Onde a aprovacao humana deveria continuar obrigatoria, mesmo com agentes mais capazes?"
43,B,Trust x Autonomy,B3,9,Technology/Data,Financial Services,1,Future of Financial Services,True,0.446,0.651,0.764,1.0,0.0,2.249,"Este grupo compartilha interesse em governanca e risco e arquitetura de dados e modelos. Ao mesmo tempo, reune 5 funcoes diferentes, trazendo angulos distintos sobre o mesmo tema. A maior parte do pod pretende seguir para Como agentes de IA estao redefinindo os servicos financeiros depois — a conversa pode continuar la.","Comecem por aqui: governanca e risco e arquitetura de dados e modelos. Onde a aprovacao humana deveria continuar obrigatoria, mesmo com agentes mais capazes?"
76,B,Trust x Autonomy,B3,9,Finance,Financial Services,0,Future of Financial Services,True,0.446,0.651,0.764,1.0,0.0,2.249,"Este grupo compartilha interesse em governanca e risco e arquitetura de dados e modelos. Ao mesmo tempo, reune 5 funcoes diferentes, trazendo angulos distintos sobre o mesmo tema. A maior parte do pod pretende seguir para Como agentes de IA estao redefinindo os servicos financeiros depois — a conversa pode continuar la.","Comecem por aqui: governanca e risco e arquitetura de dados e modelos. Onde a aprovacao humana deveria continuar obrigatoria, mesmo com agentes mais capazes?"
52,B,Trust x Autonomy,B3,9,Strategy,Financial Services,1,Future of Financial Services,True,0.446,0.651,0.764,1.0,0.0,2.249,"Este grupo compartilha interesse em governanca e risco e arquitetura de dados e modelos. Ao mesmo tempo, reune 5 funcoes diferentes, trazendo angulos distintos sobre o mesmo tema. A maior parte do pod pretende seguir para Como agentes de IA estao redefinindo os servicos financeiros depois — a conversa pode continuar la.","Comecem por aqui: governanca e risco e arquitetura de dados e modelos. Onde a aprovacao humana deveria continuar obrigatoria, mesmo com agentes mais capazes?"
20,B,Trust x Autonomy,B3,9,Technology/Data,Healthcare,1,Future of Financial Services,True,0.446,0.651,0.764,1.0,0.0,2.249,"Este grupo compartilha interesse em governanca e risco e arquitetura de dados e modelos. Ao mesmo tempo, reune 5 funcoes diferentes, trazendo angulos distintos sobre o mesmo tema. A maior parte do pod pretende seguir para Como agentes de IA estao redefinindo os servicos financeiros depois — a conversa pode continuar la.","Comecem por aqui: governanca e risco e arquitetura de dados e modelos. Onde a aprovacao humana deveria continuar obrigatoria, mesmo com agentes mais capazes?"
61,B,Trust x Autonomy,B4,10,Technology/Data,Energy,1,Future of Operations,True,0.327,0.698,0.717,1.0,0.062,2.081,"Este grupo compartilha interesse em agentes autonomos e governanca e risco. Ao mesmo tempo, reune 5 funcoes diferentes, trazendo angulos distintos sobre o mesmo tema. A maior parte do pod pretende seguir para O Futuro das Operacoes depois — a conversa pode continuar la.","Comecem por aqui: agentes autonomos e governanca e risco. Onde a aprovacao humana deveria continuar obrigatoria, mesmo com agentes mais capazes?"
194,B,Trust x Autonomy,B4,10,Risk/Legal,Professional Services,1,Future of Operations,True,0.327,0.698,0.717,1.0,0.062,2.081,"Este grupo compartilha interesse em agentes autonomos e governanca e risco. Ao mesmo tempo, reune 5 funcoes diferentes, trazendo angulos distintos sobre o mesmo tema. A maior parte do pod pretende seguir para O Futuro das Operacoes depois — a conversa pode continuar la.","Comecem por aqui: agentes autonomos e governanca e risco. Onde a aprovacao humana deveria continuar obrigatoria, mesmo com agentes mais capazes?"
88,B,Trust x Autonomy,B4,10,Technology/Data,Healthcare,1,Future of Operations,True,0.327,0.698,0.717,1.0,0.062,2.081,"Este grupo compartilha interesse em agentes autonomos e governanca e risco. Ao mesmo tempo, reune 5 funcoes diferentes, trazendo angulos distintos sobre o mesmo tema. A maior parte do pod pretende seguir para O Futuro das Operacoes depois — a conversa pode continuar la.","Comecem por aqui: agentes autonomos e governanca e risco. Onde a aprovacao humana deveria continuar obrigatoria, mesmo com agentes mais capazes?"
114,B,Trust x Autonomy,B4,10,Strategy,Technology,1,Future of Operations,True,0.327,0.698,0.717,1.0,0.062,2.081,"Este grupo compartilha interesse em agentes autonomos e governanca e risco. Ao mesmo tempo, reune 5 funcoes diferentes, trazendo angulos distintos sobre o mesmo tema. A maior parte do pod pretende seguir para O Futuro das Operacoes depois — a conversa pode continuar la.","Comecem por aqui: agentes autonomos e governanca e risco. Onde a aprovacao humana deveria continuar obrigatoria, mesmo com agentes mais capazes?"
142,B,Trust x Autonomy,B4,10,Other,Professional Services,1,Future of Operations,True,0.327,0.698,0.717,1.0,0.062,2.081,"Este grupo compartilha interesse em agentes autonomos e governanca e risco. Ao mesmo tempo, reune 5 funcoes diferentes, trazendo angulos distintos sobre o mesmo tema. A maior parte do pod pretende seguir para O Futuro das Operacoes depois — a conversa pode continuar la.","Comecem por aqui: agentes autonomos e governanca e risco. Onde a aprovacao humana deveria continuar obrigatoria, mesmo com agentes mais capazes?"
70,B,Trust x Autonomy,B4,10,Technology/Data,Professional Services,2,Future of Operations,True,0.327,0.698,0.717,1.0,0.062,2.081,"Este grupo compartilha interesse em agentes autonomos e governanca e risco. Ao mesmo tempo, reune 5 funcoes diferentes, trazendo angulos distintos sobre o mesmo tema. A maior parte do pod pretende seguir para O Futuro das Operacoes depois — a conversa pode continuar la.","Comecem por aqui: agentes autonomos e governanca e risco. Onde a aprovacao humana deveria continuar obrigatoria, mesmo com agentes mais capazes?"
97,B,Trust x Autonomy,B4,10,Operations,Industrial/Manufacturing,2,Future of Operations,True,0.327,0.698,0.717,1.0,0.062,2.081,"Este grupo compartilha interesse em agentes autonomos e governanca e risco. Ao mesmo tempo, reune 5 funcoes diferentes, trazendo angulos distintos sobre o mesmo tema. A maior parte do pod pretende seguir para O Futuro das Operacoes depois — a conversa pode continuar la.","Comecem por aqui: agentes autonomos e governanca e risco. Onde a aprovacao humana deveria continuar obrigatoria, mesmo com agentes mais capazes?"
126,B,Trust x Autonomy,B4,10,Risk/Legal,Healthcare,0,Future of Operations,True,0.327,0.698,0.717,1.0,0.062,2.081,"Este grupo compartilha interesse em agentes autonomos e governanca e risco. Ao mesmo tempo, reune 5 funcoes diferentes, trazendo angulos distintos sobre o mesmo tema. A maior parte do pod pretende seguir para O Futuro das Operacoes depois — a conversa pode continuar la.","Comecem por aqui: agentes autonomos e governanca e risco. Onde a aprovacao humana deveria continuar obrigatoria, mesmo com agentes mais capazes?"
10,B,Trust x Autonomy,B4,10,Technology/Data,Technology,1,Future of Operations,True,0.327,0.698,0.717,1.0,0.062,2.081,"Este grupo compartilha interesse em agentes autonomos e governanca e risco. Ao mesmo tempo, reune 5 funcoes diferentes, trazendo angulos distintos sobre o mesmo tema. A maior parte do pod pretende seguir para O Futuro das Operacoes depois — a conversa pode continuar la.","Comecem por aqui: agentes autonomos e governanca e risco. Onde a aprovacao humana deveria continuar obrigatoria, mesmo com agentes mais capazes?"
172,B,Trust x Autonomy,B4,10,Operations,Industrial/Manufacturing,1,Future of Operations,True,0.327,0.698,0.717,1.0,0.062,2.081,"Este grupo compartilha interesse em agentes autonomos e governanca e risco. Ao mesmo tempo, reune 5 funcoes diferentes, trazendo angulos distintos sobre o mesmo tema. A maior parte do pod pretende seguir para O Futuro das Operacoes depois — a conversa pode continuar la.","Comecem por aqui: agentes autonomos e governanca e risco. Onde a aprovacao humana deveria continuar obrigatoria, mesmo com agentes mais capazes?"
72,B,Trust x Autonomy,B5,10,Operations,Professional Services,1,Future of Operations,True,0.442,0.507,0.575,1.0,0.0,2.035,"Este grupo compartilha interesse em arquitetura de dados e modelos e agentes autonomos. Ao mesmo tempo, reune 3 funcoes diferentes, trazendo angulos distintos sobre o mesmo tema. A maior parte do pod pretende seguir para O Futuro das Operacoes depois — a conversa pode continuar la.","Comecem por aqui: arquitetura de dados e modelos e agentes autonomos. Onde a aprovacao humana deveria continuar obrigatoria, mesmo com agentes mais capazes?"
50,B,Trust x Autonomy,B5,10,Technology/Data,Technology,1,Future of Operations,True,0.442,0.507,0.575,1.0,0.0,2.035,"Este grupo compartilha interesse em arquitetura de dados e modelos e agentes autonomos. Ao mesmo tempo, reune 3 funcoes diferentes, trazendo angulos distintos sobre o mesmo tema. A maior parte do pod pretende seguir para O Futuro das Operacoes depois — a conversa pode continuar la.","Comecem por aqui: arquitetura de dados e modelos e agentes autonomos. Onde a aprovacao humana deveria continuar obrigatoria, mesmo com agentes mais capazes?"
109,B,Trust x Autonomy,B5,10,Technology/Data,Industrial/Manufacturing,1,Future of Operations,True,0.442,0.507,0.575,1.0,0.0,2.035,"Este grupo compartilha interesse em arquitetura de dados e modelos e agentes autonomos. Ao mesmo tempo, reune 3 funcoes diferentes, trazendo angulos distintos sobre o mesmo tema. A maior parte do pod pretende seguir para O Futuro das Operacoes depois — a conversa pode continuar la.","Comecem por aqui: arquitetura de dados e modelos e agentes autonomos. Onde a aprovacao humana deveria continuar obrigatoria, mesmo com agentes mais capazes?"
156,B,Trust x Autonomy,B5,10,Technology/Data,Technology,2,Future of Operations,True,0.442,0.507,0.575,1.0,0.0,2.035,"Este grupo compartilha interesse em arquitetura de dados e modelos e agentes autonomos. Ao mesmo tempo, reune 3 funcoes diferentes, trazendo angulos distintos sobre o mesmo tema. A maior parte do pod pretende seguir para O Futuro das Operacoes depois — a conversa pode continuar la.","Comecem por aqui: arquitetura de dados e modelos e agentes autonomos. Onde a aprovacao humana deveria continuar obrigatoria, mesmo com agentes mais capazes?"
116,B,Trust x Autonomy,B5,10,Technology/Data,Healthcare,1,Future of Operations,True,0.442,0.507,0.575,1.0,0.0,2.035,"Este grupo compartilha interesse em arquitetura de dados e modelos e agentes autonomos. Ao mesmo tempo, reune 3 funcoes diferentes, trazendo angulos distintos sobre o mesmo tema. A maior parte do pod pretende seguir para O Futuro das Operacoes depois — a conversa pode continuar la.","Comecem por aqui: arquitetura de dados e modelos e agentes autonomos. Onde a aprovacao humana deveria continuar obrigatoria, mesmo com agentes mais capazes?"
38,B,Trust x Autonomy,B5,10,Technology/Data,Technology,2,Future of Operations,True,0.442,0.507,0.575,1.0,0.0,2.035,"Este grupo compartilha interesse em arquitetura de dados e modelos e agentes autonomos. Ao mesmo tempo, reune 3 funcoes diferentes, trazendo angulos distintos sobre o mesmo tema. A maior parte do pod pretende seguir para O Futuro das Operacoes depois — a conversa pode continuar la.","Comecem por aqui: arquitetura de dados e modelos e agentes autonomos. Onde a aprovacao humana deveria continuar obrigatoria, mesmo com agentes mais capazes?"
186,B,Trust x Autonomy,B5,10,Technology/Data,Technology,1,Future of Operations,True,0.442,0.507,0.575,1.0,0.0,2.035,"Este grupo compartilha interesse em arquitetura de dados e modelos e agentes autonomos. Ao mesmo tempo, reune 3 funcoes diferentes, trazendo angulos distintos sobre o mesmo tema. A maior parte do pod pretende seguir para O Futuro das Operacoes depois — a conversa pode continuar la.","Comecem por aqui: arquitetura de dados e modelos e agentes autonomos. Onde a aprovacao humana deveria continuar obrigatoria, mesmo com agentes mais capazes?"
202,B,Trust x Autonomy,B5,10,Technology/Data,Healthcare,1,Future of Operations,True,0.442,0.507,0.575,1.0,0.0,2.035,"Este grupo compartilha interesse em arquitetura de dados e modelos e agentes autonomos. Ao mesmo tempo, reune 3 funcoes diferentes, trazendo angulos distintos sobre o mesmo tema. A maior parte do pod pretende seguir para O Futuro das Operacoes depois — a conversa pode continuar la.","Comecem por aqui: arquitetura de dados e modelos e agentes autonomos. Onde a aprovacao humana deveria continuar obrigatoria, mesmo com agentes mais capazes?"
166,B,Trust x Autonomy,B5,10,Technology/Data,Healthcare,1,Future of Operations,True,0.442,0.507,0.575,1.0,0.0,2.035,"Este grupo compartilha interesse em arquitetura de dados e modelos e agentes autonomos. Ao mesmo tempo, reune 3 funcoes diferentes, trazendo angulos distintos sobre o mesmo tema. A maior parte do pod pretende seguir para O Futuro das Operacoes depois — a conversa pode continuar la.","Comecem por aqui: arquitetura de dados e modelos e agentes autonomos. Onde a aprovacao humana deveria continuar obrigatoria, mesmo com agentes mais capazes?"
102,B,Trust x Autonomy,B5,10,Risk/Legal,Professional Services,1,Future of Operations,True,0.442,0.507,0.575,1.0,0.0,2.035,"Este grupo compartilha interesse em arquitetura de dados e modelos e agentes autonomos. Ao mesmo tempo, reune 3 funcoes diferentes, trazendo angulos distintos sobre o mesmo tema. A maior parte do pod pretende seguir para O Futuro das Operacoes depois — a conversa pode continuar la.","Comecem por aqui: arquitetura de dados e modelos e agentes autonomos. Onde a aprovacao humana deveria continuar obrigatoria, mesmo com agentes mais capazes?"
3,B,Trust x Autonomy,B6,14,People/HR,Consumer/Retail,0,Reinvention of Commerce,True,0.405,0.559,0.588,1.0,0.123,1.923,"Este grupo compartilha interesse em agentes autonomos e crescimento comercial. Ao mesmo tempo, reune 6 funcoes diferentes, trazendo angulos distintos sobre o mesmo tema. A maior parte do pod pretende seguir para A Reinvencao do Comercio depois — a conversa pode continuar la.","Comecem por aqui: agentes autonomos e crescimento comercial. Onde a aprovacao humana deveria continuar obrigatoria, mesmo com agentes mais capazes?"
144,B,Trust x Autonomy,B6,14,Marketing/Sales,Financial Services,2,Reinvention of Commerce,True,0.405,0.559,0.588,1.0,0.123,1.923,"Este grupo compartilha interesse em agentes autonomos e crescimento comercial. Ao mesmo tempo, reune 6 funcoes diferentes, trazendo angulos distintos sobre o mesmo tema. A maior parte do pod pretende seguir para A Reinvencao do Comercio depois — a conversa pode continuar la.","Comecem por aqui: agentes autonomos e crescimento comercial. Onde a aprovacao humana deveria continuar obrigatoria, mesmo com agentes mais capazes?"
98,B,Trust x Autonomy,B6,14,Strategy,Consumer/Retail,1,Reinvention of Commerce,True,0.405,0.559,0.588,1.0,0.123,1.923,"Este grupo compartilha interesse em agentes autonomos e crescimento comercial. Ao mesmo tempo, reune 6 funcoes diferentes, trazendo angulos distintos sobre o mesmo tema. A maior parte do pod pretende seguir para A Reinvencao do Comercio depois — a conversa pode continuar la.","Comecem por aqui: agentes autonomos e crescimento comercial. Onde a aprovacao humana deveria continuar obrigatoria, mesmo com agentes mais capazes?"
27,B,Trust x Autonomy,B6,14,Finance,Consumer/Retail,2,Reinvention of Commerce,True,0.405,0.559,0.588,1.0,0.123,1.923,"Este grupo compartilha interesse em agentes autonomos e crescimento comercial. Ao mesmo tempo, reune 6 funcoes diferentes, trazendo angulos distintos sobre o mesmo tema. A maior parte do pod pretende seguir para A Reinvencao do Comercio depois — a conversa pode continuar la.","Comecem por aqui: agentes autonomos e crescimento comercial. Onde a aprovacao humana deveria continuar obrigatoria, mesmo com agentes mais capazes?"
54,B,Trust x Autonomy,B6,14,Technology/Data,Industrial/Manufacturing,1,Reinvention of Commerce,True,0.405,0.559,0.588,1.0,0.123,1.923,"Este grupo compartilha interesse em agentes autonomos e crescimento comercial. Ao mesmo tempo, reune 6 funcoes diferentes, trazendo angulos distintos sobre o mesmo tema. A maior parte do pod pretende seguir para A Reinvencao do Comercio depois — a conversa pode continuar la.","Comecem por aqui: agentes autonomos e crescimento comercial. Onde a aprovacao humana deveria continuar obrigatoria, mesmo com agentes mais capazes?"
93,B,Trust x Autonomy,B6,14,Risk/Legal,Consumer/Retail,1,Reinvention of Commerce,True,0.405,0.559,0.588,1.0,0.123,1.923,"Este grupo compartilha interesse em agentes autonomos e crescimento comercial. Ao mesmo tempo, reune 6 funcoes diferentes, trazendo angulos distintos sobre o mesmo tema. A maior parte do pod pretende seguir para A Reinvencao do Comercio depois — a conversa pode continuar la.","Comecem por aqui: agentes autonomos e crescimento comercial. Onde a aprovacao humana deveria continuar obrigatoria, mesmo com agentes mais capazes?"
199,B,Trust x Autonomy,B6,14,Marketing/Sales,Consumer/Retail,2,Reinvention of Commerce,True,0.405,0.559,0.588,1.0,0.123,1.923,"Este grupo compartilha interesse em agentes autonomos e crescimento comercial. Ao mesmo tempo, reune 6 funcoes diferentes, trazendo angulos distintos sobre o mesmo tema. A maior parte do pod pretende seguir para A Reinvencao do Comercio depois — a conversa pode continuar la.","Comecem por aqui: agentes autonomos e crescimento comercial. Onde a aprovacao humana deveria continuar obrigatoria, mesmo com agentes mais capazes?"
15,B,Trust x Autonomy,B6,14,Strategy,Consumer/Retail,1,Reinvention of Commerce,True,0.405,0.559,0.588,1.0,0.123,1.923,"Este grupo compartilha interesse em agentes autonomos e crescimento comercial. Ao mesmo tempo, reune 6 funcoes diferentes, trazendo angulos distintos sobre o mesmo tema. A maior parte do pod pretende seguir para A Reinvencao do Comercio depois — a conversa pode continuar la.","Comecem por aqui: agentes autonomos e crescimento comercial. Onde a aprovacao humana deveria continuar obrigatoria, mesmo com agentes mais capazes?"
21,B,Trust x Autonomy,B6,14,Finance,Consumer/Retail,0,Reinvention of Commerce,True,0.405,0.559,0.588,1.0,0.123,1.923,"Este grupo compartilha interesse em agentes autonomos e crescimento comercial. Ao mesmo tempo, reune 6 funcoes diferentes, trazendo angulos distintos sobre o mesmo tema. A maior parte do pod pretende seguir para A Reinvencao do Comercio depois — a conversa pode continuar la.","Comecem por aqui: agentes autonomos e crescimento comercial. Onde a aprovacao humana deveria continuar obrigatoria, mesmo com agentes mais capazes?"
139,B,Trust x Autonomy,B6,14,Technology/Data,Consumer/Retail,1,Reinvention of Commerce,True,0.405,0.559,0.588,1.0,0.123,1.923,"Este grupo compartilha interesse em agentes autonomos e crescimento comercial. Ao mesmo tempo, reune 6 funcoes diferentes, trazendo angulos distintos sobre o mesmo tema. A maior parte do pod pretende seguir para A Reinvencao do Comercio depois — a conversa pode continuar la.","Comecem por aqui: agentes autonomos e crescimento comercial. Onde a aprovacao humana deveria continuar obrigatoria, mesmo com agentes mais capazes?"
7,B,Trust x Autonomy,B6,14,Marketing/Sales,Technology,1,Reinvention of Commerce,True,0.405,0.559,0.588,1.0,0.123,1.923,"Este grupo compartilha interesse em agentes autonomos e crescimento comercial. Ao mesmo tempo, reune 6 funcoes diferentes, trazendo angulos distintos sobre o mesmo tema. A maior parte do pod pretende seguir para A Reinvencao do Comercio depois — a conversa pode continuar la.","Comecem por aqui: agentes autonomos e crescimento comercial. Onde a aprovacao humana deveria continuar obrigatoria, mesmo com agentes mais capazes?"
78,B,Trust x Autonomy,B6,14,Strategy,Industrial/Manufacturing,1,Reinvention of Commerce,True,0.405,0.559,0.588,1.0,0.123,1.923,"Este grupo compartilha interesse em agentes autonomos e crescimento comercial. Ao mesmo tempo, reune 6 funcoes diferentes, trazendo angulos distintos sobre o mesmo tema. A maior parte do pod pretende seguir para A Reinvencao do Comercio depois — a conversa pode continuar la.","Comecem por aqui: agentes autonomos e crescimento comercial. Onde a aprovacao humana deveria continuar obrigatoria, mesmo com agentes mais capazes?"
94,B,Trust x Autonomy,B6,14,Marketing/Sales,Technology,1,Reinvention of Commerce,True,0.405,0.559,0.588,1.0,0.123,1.923,"Este grupo compartilha interesse em agentes autonomos e crescimento comercial. Ao mesmo tempo, reune 6 funcoes diferentes, trazendo angulos distintos sobre o mesmo tema. A maior parte do pod pretende seguir para A Reinvencao do Comercio depois — a conversa pode continuar la.","Comecem por aqui: agentes autonomos e crescimento comercial. Onde a aprovacao humana deveria continuar obrigatoria, mesmo com agentes mais capazes?"
173,B,Trust x Autonomy,B6,14,Marketing/Sales,Technology,1,Reinvention of Commerce,True,0.405,0.559,0.588,1.0,0.123,1.923,"Este grupo compartilha interesse em agentes autonomos e crescimento comercial. Ao mesmo tempo, reune 6 funcoes diferentes, trazendo angulos distintos sobre o mesmo tema. A maior parte do pod pretende seguir para A Reinvencao do Comercio depois — a conversa pode continuar la.","Comecem por aqui: agentes autonomos e crescimento comercial. Onde a aprovacao humana deveria continuar obrigatoria, mesmo com agentes mais capazes?"
11,C,The New Operating Model,C1,12,Technology/Data,Industrial/Manufacturing,2,Future of Operations,True,0.437,0.701,0.735,1.0,0.0,2.265,"Este grupo compartilha interesse em operacoes e cadeia de valor e arquitetura de dados e modelos. Ao mesmo tempo, reune 5 funcoes diferentes, trazendo angulos distintos sobre o mesmo tema. A maior parte do pod pretende seguir para O Futuro das Operacoes depois — a conversa pode continuar la.",Comecem por aqui: operacoes e cadeia de valor e arquitetura de dados e modelos. Qual parte do time ou do fluxo de trabalho vai mudar primeiro com IA — e quem sente isso primeiro?
58,C,The New Operating Model,C1,12,Operations,Industrial/Manufacturing,1,Future of Operations,True,0.437,0.701,0.735,1.0,0.0,2.265,"Este grupo compartilha interesse em operacoes e cadeia de valor e arquitetura de dados e modelos. Ao mesmo tempo, reune 5 funcoes diferentes, trazendo angulos distintos sobre o mesmo tema. A maior parte do pod pretende seguir para O Futuro das Operacoes depois — a conversa pode continuar la.",Comecem por aqui: operacoes e cadeia de valor e arquitetura de dados e modelos. Qual parte do time ou do fluxo de trabalho vai mudar primeiro com IA — e quem sente isso primeiro?
80,C,The New Operating Model,C1,12,Technology/Data,Energy,1,Future of Operations,True,0.437,0.701,0.735,1.0,0.0,2.265,"Este grupo compartilha interesse em operacoes e cadeia de valor e arquitetura de dados e modelos. Ao mesmo tempo, reune 5 funcoes diferentes, trazendo angulos distintos sobre o mesmo tema. A maior parte do pod pretende seguir para O Futuro das Operacoes depois — a conversa pode continuar la.",Comecem por aqui: operacoes e cadeia de valor e arquitetura de dados e modelos. Qual parte do time ou do fluxo de trabalho vai mudar primeiro com IA — e quem sente isso primeiro?
141,C,The New Operating Model,C1,12,Operations,Financial Services,1,Future of Operations,True,0.437,0.701,0.735,1.0,0.0,2.265,"Este grupo compartilha interesse em operacoes e cadeia de valor e arquitetura de dados e modelos. Ao mesmo tempo, reune 5 funcoes diferentes, trazendo angulos distintos sobre o mesmo tema. A maior parte do pod pretende seguir para O Futuro das Operacoes depois — a conversa pode continuar la.",Comecem por aqui: operacoes e cadeia de valor e arquitetura de dados e modelos. Qual parte do time ou do fluxo de trabalho vai mudar primeiro com IA — e quem sente isso primeiro?
188,C,The New Operating Model,C1,12,Operations,Energy,2,Future of Operations,True,0.437,0.701,0.735,1.0,0.0,2.265,"Este grupo compartilha interesse em operacoes e cadeia de valor e arquitetura de dados e modelos. Ao mesmo tempo, reune 5 funcoes diferentes, trazendo angulos distintos sobre o mesmo tema. A maior parte do pod pretende seguir para O Futuro das Operacoes depois — a conversa pode continuar la.",Comecem por aqui: operacoes e cadeia de valor e arquitetura de dados e modelos. Qual parte do time ou do fluxo de trabalho vai mudar primeiro com IA — e quem sente isso primeiro?
162,C,The New Operating Model,C1,12,Marketing/Sales,Professional Services,0,Future of Operations,True,0.437,0.701,0.735,1.0,0.0,2.265,"Este grupo compartilha interesse em operacoes e cadeia de valor e arquitetura de dados e modelos. Ao mesmo tempo, reune 5 funcoes diferentes, trazendo angulos distintos sobre o mesmo tema. A maior parte do pod pretende seguir para O Futuro das Operacoes depois — a conversa pode continuar la.",Comecem por aqui: operacoes e cadeia de valor e arquitetura de dados e modelos. Qual parte do time ou do fluxo de trabalho vai mudar primeiro com IA — e quem sente isso primeiro?
203,C,The New Operating Model,C1,12,Operations,Industrial/Manufacturing,2,Future of Operations,True,0.437,0.701,0.735,1.0,0.0,2.265,"Este grupo compartilha interesse em operacoes e cadeia de valor e arquitetura de dados e modelos. Ao mesmo tempo, reune 5 funcoes diferentes, trazendo angulos distintos sobre o mesmo tema. A maior parte do pod pretende seguir para O Futuro das Operacoes depois — a conversa pode continuar la.",Comecem por aqui: operacoes e cadeia de valor e arquitetura de dados e modelos. Qual parte do time ou do fluxo de trabalho vai mudar primeiro com IA — e quem sente isso primeiro?
39,C,The New Operating Model,C1,12,Operations,Industrial/Manufacturing,1,Future of Operations,True,0.437,0.701,0.735,1.0,0.0,2.265,"Este grupo compartilha interesse em operacoes e cadeia de valor e arquitetura de dados e modelos. Ao mesmo tempo, reune 5 funcoes diferentes, trazendo angulos distintos sobre o mesmo tema. A maior parte do pod pretende seguir para O Futuro das Operacoes depois — a conversa pode continuar la.",Comecem por aqui: operacoes e cadeia de valor e arquitetura de dados e modelos. Qual parte do time ou do fluxo de trabalho vai mudar primeiro com IA — e quem sente isso primeiro?
42,C,The New Operating Model,C1,12,Operations,Healthcare,1,Future of Operations,True,0.437,0.701,0.735,1.0,0.0,2.265,"Este grupo compartilha interesse em operacoes e cadeia de valor e arquitetura de dados e modelos. Ao mesmo tempo, reune 5 funcoes diferentes, trazendo angulos distintos sobre o mesmo tema. A maior parte do pod pretende seguir para O Futuro das Operacoes depois — a conversa pode continuar la.",Comecem por aqui: operacoes e cadeia de valor e arquitetura de dados e modelos. Qual parte do time ou do fluxo de trabalho vai mudar primeiro com IA — e quem sente isso primeiro?
26,C,The New Operating Model,C1,12,Risk/Legal,Energy,1,Future of Operations,True,0.437,0.701,0.735,1.0,0.0,2.265,"Este grupo compartilha interesse em operacoes e cadeia de valor e arquitetura de dados e modelos. Ao mesmo tempo, reune 5 funcoes diferentes, trazendo angulos distintos sobre o mesmo tema. A maior parte do pod pretende seguir para O Futuro das Operacoes depois — a conversa pode continuar la.",Comecem por aqui: operacoes e cadeia de valor e arquitetura de dados e modelos. Qual parte do time ou do fluxo de trabalho vai mudar primeiro com IA — e quem sente isso primeiro?
85,C,The New Operating Model,C1,12,Strategy,Industrial/Manufacturing,1,Future of Operations,True,0.437,0.701,0.735,1.0,0.0,2.265,"Este grupo compartilha interesse em operacoes e cadeia de valor e arquitetura de dados e modelos. Ao mesmo tempo, reune 5 funcoes diferentes, trazendo angulos distintos sobre o mesmo tema. A maior parte do pod pretende seguir para O Futuro das Operacoes depois — a conversa pode continuar la.",Comecem por aqui: operacoes e cadeia de valor e arquitetura de dados e modelos. Qual parte do time ou do fluxo de trabalho vai mudar primeiro com IA — e quem sente isso primeiro?
69,C,The New Operating Model,C1,12,Strategy,Energy,0,Future of Operations,True,0.437,0.701,0.735,1.0,0.0,2.265,"Este grupo compartilha interesse em operacoes e cadeia de valor e arquitetura de dados e modelos. Ao mesmo tempo, reune 5 funcoes diferentes, trazendo angulos distintos sobre o mesmo tema. A maior parte do pod pretende seguir para O Futuro das Operacoes depois — a conversa pode continuar la.",Comecem por aqui: operacoes e cadeia de valor e arquitetura de dados e modelos. Qual parte do time ou do fluxo de trabalho vai mudar primeiro com IA — e quem sente isso primeiro?
174,C,The New Operating Model,C2,12,Risk/Legal,Energy,0,Future of Operations,True,0.423,0.623,0.644,1.0,0.0,2.144,"Este grupo compartilha interesse em operacoes e cadeia de valor e arquitetura de dados e modelos. Ao mesmo tempo, reune 4 funcoes diferentes, trazendo angulos distintos sobre o mesmo tema. A maior parte do pod pretende seguir para O Futuro das Operacoes depois — a conversa pode continuar la.",Comecem por aqui: operacoes e cadeia de valor e arquitetura de dados e modelos. Qual parte do time ou do fluxo de trabalho vai mudar primeiro com IA — e quem sente isso primeiro?
49,C,The New Operating Model,C2,12,Operations,Industrial/Manufacturing,1,Future of Operations,True,0.423,0.623,0.644,1.0,0.0,2.144,"Este grupo compartilha interesse em operacoes e cadeia de valor e arquitetura de dados e modelos. Ao mesmo tempo, reune 4 funcoes diferentes, trazendo angulos distintos sobre o mesmo tema. A maior parte do pod pretende seguir para O Futuro das Operacoes depois — a conversa pode continuar la.",Comecem por aqui: operacoes e cadeia de valor e arquitetura de dados e modelos. Qual parte do time ou do fluxo de trabalho vai mudar primeiro com IA — e quem sente isso primeiro?
64,C,The New Operating Model,C2,12,Operations,Industrial/Manufacturing,1,Future of Operations,True,0.423,0.623,0.644,1.0,0.0,2.144,"Este grupo compartilha interesse em operacoes e cadeia de valor e arquitetura de dados e modelos. Ao mesmo tempo, reune 4 funcoes diferentes, trazendo angulos distintos sobre o mesmo tema. A maior parte do pod pretende seguir para O Futuro das Operacoes depois — a conversa pode continuar la.",Comecem por aqui: operacoes e cadeia de valor e arquitetura de dados e modelos. Qual parte do time ou do fluxo de trabalho vai mudar primeiro com IA — e quem sente isso primeiro?
89,C,The New Operating Model,C2,12,Risk/Legal,Industrial/Manufacturing,0,Future of Operations,True,0.423,0.623,0.644,1.0,0.0,2.144,"Este grupo compartilha interesse em operacoes e cadeia de valor e arquitetura de dados e modelos. Ao mesmo tempo, reune 4 funcoes diferentes, trazendo angulos distintos sobre o mesmo tema. A maior parte do pod pretende seguir para O Futuro das Operacoes depois — a conversa pode continuar la.",Comecem por aqui: operacoes e cadeia de valor e arquitetura de dados e modelos. Qual parte do time ou do fluxo de trabalho vai mudar primeiro com IA — e quem sente isso primeiro?
75,C,The New Operating Model,C2,12,Operations,Industrial/Manufacturing,1,Future of Operations,True,0.423,0.623,0.644,1.0,0.0,2.144,"Este grupo compartilha interesse em operacoes e cadeia de valor e arquitetura de dados e modelos. Ao mesmo tempo, reune 4 funcoes diferentes, trazendo angulos distintos sobre o mesmo tema. A maior parte do pod pretende seguir para O Futuro das Operacoes depois — a conversa pode continuar la.",Comecem por aqui: operacoes e cadeia de valor e arquitetura de dados e modelos. Qual parte do time ou do fluxo de trabalho vai mudar primeiro com IA — e quem sente isso primeiro?
190,C,The New Operating Model,C2,12,Other,Industrial/Manufacturing,1,Future of Operations,True,0.423,0.623,0.644,1.0,0.0,2.144,"Este grupo compartilha interesse em operacoes e cadeia de valor e arquitetura de dados e modelos. Ao mesmo tempo, reune 4 funcoes diferentes, trazendo angulos distintos sobre o mesmo tema. A maior parte do pod pretende seguir para O Futuro das Operacoes depois — a conversa pode continuar la.",Comecem por aqui: operacoes e cadeia de valor e arquitetura de dados e modelos. Qual parte do time ou do fluxo de trabalho vai mudar primeiro com IA — e quem sente isso primeiro?
158,C,The New Operating Model,C2,12,Technology/Data,Industrial/Manufacturing,1,Future of Operations,True,0.423,0.623,0.644,1.0,0.0,2.144,"Este grupo compartilha interesse em operacoes e cadeia de valor e arquitetura de dados e modelos. Ao mesmo tempo, reune 4 funcoes diferentes, trazendo angulos distintos sobre o mesmo tema. A maior parte do pod pretende seguir para O Futuro das Operacoes depois — a conversa pode continuar la.",Comecem por aqui: operacoes e cadeia de valor e arquitetura de dados e modelos. Qual parte do time ou do fluxo de trabalho vai mudar primeiro com IA — e quem sente isso primeiro?
19,C,The New Operating Model,C2,12,Technology/Data,Energy,2,Future of Operations,True,0.423,0.623,0.644,1.0,0.0,2.144,"Este grupo compartilha interesse em operacoes e cadeia de valor e arquitetura de dados e modelos. Ao mesmo tempo, reune 4 funcoes diferentes, trazendo angulos distintos sobre o mesmo tema. A maior parte do pod pretende seguir para O Futuro das Operacoes depois — a conversa pode continuar la.",Comecem por aqui: operacoes e cadeia de valor e arquitetura de dados e modelos. Qual parte do time ou do fluxo de trabalho vai mudar primeiro com IA — e quem sente isso primeiro?
34,C,The New Operating Model,C2,12,Operations,Industrial/Manufacturing,1,Future of Operations,True,0.423,0.623,0.644,1.0,0.0,2.144,"Este grupo compartilha interesse em operacoes e cadeia de valor e arquitetura de dados e modelos. Ao mesmo tempo, reune 4 funcoes diferentes, trazendo angulos distintos sobre o mesmo tema. A maior parte do pod pretende seguir para O Futuro das Operacoes depois — a conversa pode continuar la.",Comecem por aqui: operacoes e cadeia de valor e arquitetura de dados e modelos. Qual parte do time ou do fluxo de trabalho vai mudar primeiro com IA — e quem sente isso primeiro?
103,C,The New Operating Model,C2,12,Operations,Industrial/Manufacturing,1,Future of Operations,True,0.423,0.623,0.644,1.0,0.0,2.144,"Este grupo compartilha interesse em operacoes e cadeia de valor e arquitetura de dados e modelos. Ao mesmo tempo, reune 4 funcoes diferentes, trazendo angulos distintos sobre o mesmo tema. A maior parte do pod pretende seguir para O Futuro das Operacoes depois — a conversa pode continuar la.",Comecem por aqui: operacoes e cadeia de valor e arquitetura de dados e modelos. Qual parte do time ou do fluxo de trabalho vai mudar primeiro com IA — e quem sente isso primeiro?
123,C,The New Operating Model,C2,12,Operations,Energy,1,Future of Operations,True,0.423,0.623,0.644,1.0,0.0,2.144,"Este grupo compartilha interesse em operacoes e cadeia de valor e arquitetura de dados e modelos. Ao mesmo tempo, reune 4 funcoes diferentes, trazendo angulos distintos sobre o mesmo tema. A maior parte do pod pretende seguir para O Futuro das Operacoes depois — a conversa pode continuar la.",Comecem por aqui: operacoes e cadeia de valor e arquitetura de dados e modelos. Qual parte do time ou do fluxo de trabalho vai mudar primeiro com IA — e quem sente isso primeiro?
31,C,The New Operating Model,C2,12,Operations,Industrial/Manufacturing,2,Future of Operations,True,0.423,0.623,0.644,1.0,0.0,2.144,"Este grupo compartilha interesse em operacoes e cadeia de valor e arquitetura de dados e modelos. Ao mesmo tempo, reune 4 funcoes diferentes, trazendo angulos distintos sobre o mesmo tema. A maior parte do pod pretende seguir para O Futuro das Operacoes depois — a conversa pode continuar la.",Comecem por aqui: operacoes e cadeia de valor e arquitetura de dados e modelos. Qual parte do time ou do fluxo de trabalho vai mudar primeiro com IA — e quem sente isso primeiro?
185,C,The New Operating Model,C3,11,Strategy,Professional Services,0,Future of Operations,True,0.292,0.548,0.58,1.0,0.013,1.907,"Este grupo compartilha interesse em operacoes e cadeia de valor e priorizacao estrategica. Ao mesmo tempo, reune 4 funcoes diferentes, trazendo angulos distintos sobre o mesmo tema. A maior parte do pod pretende seguir para O Futuro das Operacoes depois — a conversa pode continuar la.",Comecem por aqui: operacoes e cadeia de valor e priorizacao estrategica. Qual parte do time ou do fluxo de trabalho vai mudar primeiro com IA — e quem sente isso primeiro?
209,C,The New Operating Model,C3,11,Operations,Industrial/Manufacturing,1,Future of Operations,True,0.292,0.548,0.58,1.0,0.013,1.907,"Este grupo compartilha interesse em operacoes e cadeia de valor e priorizacao estrategica. Ao mesmo tempo, reune 4 funcoes diferentes, trazendo angulos distintos sobre o mesmo tema. A maior parte do pod pretende seguir para O Futuro das Operacoes depois — a conversa pode continuar la.",Comecem por aqui: operacoes e cadeia de valor e priorizacao estrategica. Qual parte do time ou do fluxo de trabalho vai mudar primeiro com IA — e quem sente isso primeiro?
147,C,The New Operating Model,C3,11,Strategy,Healthcare,2,Future of Operations,True,0.292,0.548,0.58,1.0,0.013,1.907,"Este grupo compartilha interesse em operacoes e cadeia de valor e priorizacao estrategica. Ao mesmo tempo, reune 4 funcoes diferentes, trazendo angulos distintos sobre o mesmo tema. A maior parte do pod pretende seguir para O Futuro das Operacoes depois — a conversa pode continuar la.",Comecem por aqui: operacoes e cadeia de valor e priorizacao estrategica. Qual parte do time ou do fluxo de trabalho vai mudar primeiro com IA — e quem sente isso primeiro?
195,C,The New Operating Model,C3,11,Marketing/Sales,Professional Services,0,Future of Operations,True,0.292,0.548,0.58,1.0,0.013,1.907,"Este grupo compartilha interesse em operacoes e cadeia de valor e priorizacao estrategica. Ao mesmo tempo, reune 4 funcoes diferentes, trazendo angulos distintos sobre o mesmo tema. A maior parte do pod pretende seguir para O Futuro das Operacoes depois — a conversa pode continuar la.",Comecem por aqui: operacoes e cadeia de valor e priorizacao estrategica. Qual parte do time ou do fluxo de trabalho vai mudar primeiro com IA — e quem sente isso primeiro?
113,C,The New Operating Model,C3,11,Operations,Industrial/Manufacturing,2,Future of Operations,True,0.292,0.548,0.58,1.0,0.013,1.907,"Este grupo compartilha interesse em operacoes e cadeia de valor e priorizacao estrategica. Ao mesmo tempo, reune 4 funcoes diferentes, trazendo angulos distintos sobre o mesmo tema. A maior parte do pod pretende seguir para O Futuro das Operacoes depois — a conversa pode continuar la.",Comecem por aqui: operacoes e cadeia de valor e priorizacao estrategica. Qual parte do time ou do fluxo de trabalho vai mudar primeiro com IA — e quem sente isso primeiro?
23,C,The New Operating Model,C3,11,Operations,Professional Services,1,Future of Operations,True,0.292,0.548,0.58,1.0,0.013,1.907,"Este grupo compartilha interesse em operacoes e cadeia de valor e priorizacao estrategica. Ao mesmo tempo, reune 4 funcoes diferentes, trazendo angulos distintos sobre o mesmo tema. A maior parte do pod pretende seguir para O Futuro das Operacoes depois — a conversa pode continuar la.",Comecem por aqui: operacoes e cadeia de valor e priorizacao estrategica. Qual parte do time ou do fluxo de trabalho vai mudar primeiro com IA — e quem sente isso primeiro?
179,C,The New Operating Model,C3,11,Strategy,Industrial/Manufacturing,1,Future of Operations,True,0.292,0.548,0.58,1.0,0.013,1.907,"Este grupo compartilha interesse em operacoes e cadeia de valor e priorizacao estrategica. Ao mesmo tempo, reune 4 funcoes diferentes, trazendo angulos distintos sobre o mesmo tema. A maior parte do pod pretende seguir para O Futuro das Operacoes depois — a conversa pode continuar la.",Comecem por aqui: operacoes e cadeia de valor e priorizacao estrategica. Qual parte do time ou do fluxo de trabalho vai mudar primeiro com IA — e quem sente isso primeiro?
145,C,The New Operating Model,C3,11,Technology/Data,Industrial/Manufacturing,1,Future of Operations,True,0.292,0.548,0.58,1.0,0.013,1.907,"Este grupo compartilha interesse em operacoes e cadeia de valor e priorizacao estrategica. Ao mesmo tempo, reune 4 funcoes diferentes, trazendo angulos distintos sobre o mesmo tema. A maior parte do pod pretende seguir para O Futuro das Operacoes depois — a conversa pode continuar la.",Comecem por aqui: operacoes e cadeia de valor e priorizacao estrategica. Qual parte do time ou do fluxo de trabalho vai mudar primeiro com IA — e quem sente isso primeiro?
201,C,The New Operating Model,C3,11,Strategy,Professional Services,0,Future of Operations,True,0.292,0.548,0.58,1.0,0.013,1.907,"Este grupo compartilha interesse em operacoes e cadeia de valor e priorizacao estrategica. Ao mesmo tempo, reune 4 funcoes diferentes, trazendo angulos distintos sobre o mesmo tema. A maior parte do pod pretende seguir para O Futuro das Operacoes depois — a conversa pode continuar la.",Comecem por aqui: operacoes e cadeia de valor e priorizacao estrategica. Qual parte do time ou do fluxo de trabalho vai mudar primeiro com IA — e quem sente isso primeiro?
30,C,The New Operating Model,C3,11,Operations,Industrial/Manufacturing,2,Future of Operations,True,0.292,0.548,0.58,1.0,0.013,1.907,"Este grupo compartilha interesse em operacoes e cadeia de valor e priorizacao estrategica. Ao mesmo tempo, reune 4 funcoes diferentes, trazendo angulos distintos sobre o mesmo tema. A maior parte do pod pretende seguir para O Futuro das Operacoes depois — a conversa pode continuar la.",Comecem por aqui: operacoes e cadeia de valor e priorizacao estrategica. Qual parte do time ou do fluxo de trabalho vai mudar primeiro com IA — e quem sente isso primeiro?
154,C,The New Operating Model,C3,11,Strategy,Professional Services,0,Future of Operations,True,0.292,0.548,0.58,1.0,0.013,1.907,"Este grupo compartilha interesse em operacoes e cadeia de valor e priorizacao estrategica. Ao mesmo tempo, reune 4 funcoes diferentes, trazendo angulos distintos sobre o mesmo tema. A maior parte do pod pretende seguir para O Futuro das Operacoes depois — a conversa pode continuar la.",Comecem por aqui: operacoes e cadeia de valor e priorizacao estrategica. Qual parte do time ou do fluxo de trabalho vai mudar primeiro com IA — e quem sente isso primeiro?
182,C,The New Operating Model,C4,11,Operations,Industrial/Manufacturing,1,Future of Operations,True,0.377,0.608,0.693,1.0,0.0,2.11,"Este grupo compartilha interesse em redesenhar processos do zero e pessoas e talento. Ao mesmo tempo, reune 4 funcoes diferentes, trazendo angulos distintos sobre o mesmo tema. A maior parte do pod pretende seguir para O Futuro das Operacoes depois — a conversa pode continuar la.",Comecem por aqui: redesenhar processos do zero e pessoas e talento. Qual parte do time ou do fluxo de trabalho vai mudar primeiro com IA — e quem sente isso primeiro?
122,C,The New Operating Model,C4,11,Strategy,Professional Services,0,Future of Operations,True,0.377,0.608,0.693,1.0,0.0,2.11,"Este grupo compartilha interesse em redesenhar processos do zero e pessoas e talento. Ao mesmo tempo, reune 4 funcoes diferentes, trazendo angulos distintos sobre o mesmo tema. A maior parte do pod pretende seguir para O Futuro das Operacoes depois — a conversa pode continuar la.",Comecem por aqui: redesenhar processos do zero e pessoas e talento. Qual parte do time ou do fluxo de trabalho vai mudar primeiro com IA — e quem sente isso primeiro?
163,C,The New Operating Model,C4,11,Operations,Industrial/Manufacturing,2,Future of Operations,True,0.377,0.608,0.693,1.0,0.0,2.11,"Este grupo compartilha interesse em redesenhar processos do zero e pessoas e talento. Ao mesmo tempo, reune 4 funcoes diferentes, trazendo angulos distintos sobre o mesmo tema. A maior parte do pod pretende seguir para O Futuro das Operacoes depois — a conversa pode continuar la.",Comecem por aqui: redesenhar processos do zero e pessoas e talento. Qual parte do time ou do fluxo de trabalho vai mudar primeiro com IA — e quem sente isso primeiro?
138,C,The New Operating Model,C4,11,Marketing/Sales,Professional Services,0,Future of Operations,True,0.377,0.608,0.693,1.0,0.0,2.11,"Este grupo compartilha interesse em redesenhar processos do zero e pessoas e talento. Ao mesmo tempo, reune 4 funcoes diferentes, trazendo angulos distintos sobre o mesmo tema. A maior parte do pod pretende seguir para O Futuro das Operacoes depois — a conversa pode continuar la.",Comecem por aqui: redesenhar processos do zero e pessoas e talento. Qual parte do time ou do fluxo de trabalho vai mudar primeiro com IA — e quem sente isso primeiro?
33,C,The New Operating Model,C4,11,Strategy,Professional Services,1,Future of Operations,True,0.377,0.608,0.693,1.0,0.0,2.11,"Este grupo compartilha interesse em redesenhar processos do zero e pessoas e talento. Ao mesmo tempo, reune 4 funcoes diferentes, trazendo angulos distintos sobre o mesmo tema. A maior parte do pod pretende seguir para O Futuro das Operacoes depois — a conversa pode continuar la.",Comecem por aqui: redesenhar processos do zero e pessoas e talento. Qual parte do time ou do fluxo de trabalho vai mudar primeiro com IA — e quem sente isso primeiro?
92,C,The New Operating Model,C4,11,Strategy,Professional Services,0,Future of Operations,True,0.377,0.608,0.693,1.0,0.0,2.11,"Este grupo compartilha interesse em redesenhar processos do zero e pessoas e talento. Ao mesmo tempo, reune 4 funcoes diferentes, trazendo angulos distintos sobre o mesmo tema. A maior parte do pod pretende seguir para O Futuro das Operacoes depois — a conversa pode continuar la.",Comecem por aqui: redesenhar processos do zero e pessoas e talento. Qual parte do time ou do fluxo de trabalho vai mudar primeiro com IA — e quem sente isso primeiro?
167,C,The New Operating Model,C4,11,Strategy,Technology,0,Future of Operations,True,0.377,0.608,0.693,1.0,0.0,2.11,"Este grupo compartilha interesse em redesenhar processos do zero e pessoas e talento. Ao mesmo tempo, reune 4 funcoes diferentes, trazendo angulos distintos sobre o mesmo tema. A maior parte do pod pretende seguir para O Futuro das Operacoes depois — a conversa pode continuar la.",Comecem por aqui: redesenhar processos do zero e pessoas e talento. Qual parte do time ou do fluxo de trabalho vai mudar primeiro com IA — e quem sente isso primeiro?
105,C,The New Operating Model,C4,11,People/HR,Technology,1,Future of Operations,True,0.377,0.608,0.693,1.0,0.0,2.11,"Este grupo compartilha interesse em redesenhar processos do zero e pessoas e talento. Ao mesmo tempo, reune 4 funcoes diferentes, trazendo angulos distintos sobre o mesmo tema. A maior parte do pod pretende seguir para O Futuro das Operacoes depois — a conversa pode continuar la.",Comecem por aqui: redesenhar processos do zero e pessoas e talento. Qual parte do time ou do fluxo de trabalho vai mudar primeiro com IA — e quem sente isso primeiro?
112,C,The New Operating Model,C4,11,People/HR,Industrial/Manufacturing,0,Future of Operations,True,0.377,0.608,0.693,1.0,0.0,2.11,"Este grupo compartilha interesse em redesenhar processos do zero e pessoas e talento. Ao mesmo tempo, reune 4 funcoes diferentes, trazendo angulos distintos sobre o mesmo tema. A maior parte do pod pretende seguir para O Futuro das Operacoes depois — a conversa pode continuar la.",Comecem por aqui: redesenhar processos do zero e pessoas e talento. Qual parte do time ou do fluxo de trabalho vai mudar primeiro com IA — e quem sente isso primeiro?
115,C,The New Operating Model,C4,11,People/HR,Professional Services,0,Future of Operations,True,0.377,0.608,0.693,1.0,0.0,2.11,"Este grupo compartilha interesse em redesenhar processos do zero e pessoas e talento. Ao mesmo tempo, reune 4 funcoes diferentes, trazendo angulos distintos sobre o mesmo tema. A maior parte do pod pretende seguir para O Futuro das Operacoes depois — a conversa pode continuar la.",Comecem por aqui: redesenhar processos do zero e pessoas e talento. Qual parte do time ou do fluxo de trabalho vai mudar primeiro com IA — e quem sente isso primeiro?
180,C,The New Operating Model,C4,11,Operations,Industrial/Manufacturing,2,Future of Operations,True,0.377,0.608,0.693,1.0,0.0,2.11,"Este grupo compartilha interesse em redesenhar processos do zero e pessoas e talento. Ao mesmo tempo, reune 4 funcoes diferentes, trazendo angulos distintos sobre o mesmo tema. A maior parte do pod pretende seguir para O Futuro das Operacoes depois — a conversa pode continuar la.",Comecem por aqui: redesenhar processos do zero e pessoas e talento. Qual parte do time ou do fluxo de trabalho vai mudar primeiro com IA — e quem sente isso primeiro?
22,C,The New Operating Model,C5,9,Strategy,Financial Services,2,Future of Financial Services,True,0.259,0.489,0.524,1.0,0.117,1.695,Este grupo compartilha interesse em pessoas e talento e redesenhar processos do zero. Vem de areas diferentes o suficiente para gerar perspectivas complementares. A maior parte do pod pretende seguir para Como agentes de IA estao redefinindo os servicos financeiros depois — a conversa pode continuar la.,Comecem por aqui: pessoas e talento e redesenhar processos do zero. Qual parte do time ou do fluxo de trabalho vai mudar primeiro com IA — e quem sente isso primeiro?
187,C,The New Operating Model,C5,9,People/HR,Financial Services,1,Future of Financial Services,True,0.259,0.489,0.524,1.0,0.117,1.695,Este grupo compartilha interesse em pessoas e talento e redesenhar processos do zero. Vem de areas diferentes o suficiente para gerar perspectivas complementares. A maior parte do pod pretende seguir para Como agentes de IA estao redefinindo os servicos financeiros depois — a conversa pode continuar la.,Comecem por aqui: pessoas e talento e redesenhar processos do zero. Qual parte do time ou do fluxo de trabalho vai mudar primeiro com IA — e quem sente isso primeiro?
73,C,The New Operating Model,C5,9,Technology/Data,Financial Services,1,Future of Financial Services,True,0.259,0.489,0.524,1.0,0.117,1.695,Este grupo compartilha interesse em pessoas e talento e redesenhar processos do zero. Vem de areas diferentes o suficiente para gerar perspectivas complementares. A maior parte do pod pretende seguir para Como agentes de IA estao redefinindo os servicos financeiros depois — a conversa pode continuar la.,Comecem por aqui: pessoas e talento e redesenhar processos do zero. Qual parte do time ou do fluxo de trabalho vai mudar primeiro com IA — e quem sente isso primeiro?
84,C,The New Operating Model,C5,9,Operations,Technology,2,Future of Financial Services,True,0.259,0.489,0.524,1.0,0.117,1.695,Este grupo compartilha interesse em pessoas e talento e redesenhar processos do zero. Vem de areas diferentes o suficiente para gerar perspectivas complementares. A maior parte do pod pretende seguir para Como agentes de IA estao redefinindo os servicos financeiros depois — a conversa pode continuar la.,Comecem por aqui: pessoas e talento e redesenhar processos do zero. Qual parte do time ou do fluxo de trabalho vai mudar primeiro com IA — e quem sente isso primeiro?
152,C,The New Operating Model,C5,9,Finance,Financial Services,2,Future of Financial Services,True,0.259,0.489,0.524,1.0,0.117,1.695,Este grupo compartilha interesse em pessoas e talento e redesenhar processos do zero. Vem de areas diferentes o suficiente para gerar perspectivas complementares. A maior parte do pod pretende seguir para Como agentes de IA estao redefinindo os servicos financeiros depois — a conversa pode continuar la.,Comecem por aqui: pessoas e talento e redesenhar processos do zero. Qual parte do time ou do fluxo de trabalho vai mudar primeiro com IA — e quem sente isso primeiro?
204,C,The New Operating Model,C5,9,Risk/Legal,Financial Services,1,Future of Financial Services,True,0.259,0.489,0.524,1.0,0.117,1.695,Este grupo compartilha interesse em pessoas e talento e redesenhar processos do zero. Vem de areas diferentes o suficiente para gerar perspectivas complementares. A maior parte do pod pretende seguir para Como agentes de IA estao redefinindo os servicos financeiros depois — a conversa pode continuar la.,Comecem por aqui: pessoas e talento e redesenhar processos do zero. Qual parte do time ou do fluxo de trabalho vai mudar primeiro com IA — e quem sente isso primeiro?
157,C,The New Operating Model,C5,9,People/HR,Financial Services,0,Future of Financial Services,True,0.259,0.489,0.524,1.0,0.117,1.695,Este grupo compartilha interesse em pessoas e talento e redesenhar processos do zero. Vem de areas diferentes o suficiente para gerar perspectivas complementares. A maior parte do pod pretende seguir para Como agentes de IA estao redefinindo os servicos financeiros depois — a conversa pode continuar la.,Comecem por aqui: pessoas e talento e redesenhar processos do zero. Qual parte do time ou do fluxo de trabalho vai mudar primeiro com IA — e quem sente isso primeiro?
171,C,The New Operating Model,C5,9,Operations,Financial Services,2,Future of Financial Services,True,0.259,0.489,0.524,1.0,0.117,1.695,Este grupo compartilha interesse em pessoas e talento e redesenhar processos do zero. Vem de areas diferentes o suficiente para gerar perspectivas complementares. A maior parte do pod pretende seguir para Como agentes de IA estao redefinindo os servicos financeiros depois — a conversa pode continuar la.,Comecem por aqui: pessoas e talento e redesenhar processos do zero. Qual parte do time ou do fluxo de trabalho vai mudar primeiro com IA — e quem sente isso primeiro?
67,C,The New Operating Model,C5,9,People/HR,Financial Services,0,Future of Financial Services,True,0.259,0.489,0.524,1.0,0.117,1.695,Este grupo compartilha interesse em pessoas e talento e redesenhar processos do zero. Vem de areas diferentes o suficiente para gerar perspectivas complementares. A maior parte do pod pretende seguir para Como agentes de IA estao redefinindo os servicos financeiros depois — a conversa pode continuar la.,Comecem por aqui: pessoas e talento e redesenhar processos do zero. Qual parte do time ou do fluxo de trabalho vai mudar primeiro com IA — e quem sente isso primeiro?
46,C,The New Operating Model,C6,8,Risk/Legal,Consumer/Retail,1,Reinvention of Commerce,True,0.342,0.584,0.589,1.0,0.05,1.954,"Este grupo compartilha interesse em operacoes e cadeia de valor e redesenhar processos do zero. Ao mesmo tempo, reune 4 funcoes diferentes, trazendo angulos distintos sobre o mesmo tema. A maior parte do pod pretende seguir para A Reinvencao do Comercio depois — a conversa pode continuar la.",Comecem por aqui: operacoes e cadeia de valor e redesenhar processos do zero. Qual parte do time ou do fluxo de trabalho vai mudar primeiro com IA — e quem sente isso primeiro?
205,C,The New Operating Model,C6,8,Strategy,Consumer/Retail,2,Reinvention of Commerce,True,0.342,0.584,0.589,1.0,0.05,1.954,"Este grupo compartilha interesse em operacoes e cadeia de valor e redesenhar processos do zero. Ao mesmo tempo, reune 4 funcoes diferentes, trazendo angulos distintos sobre o mesmo tema. A maior parte do pod pretende seguir para A Reinvencao do Comercio depois — a conversa pode continuar la.",Comecem por aqui: operacoes e cadeia de valor e redesenhar processos do zero. Qual parte do time ou do fluxo de trabalho vai mudar primeiro com IA — e quem sente isso primeiro?
153,C,The New Operating Model,C6,8,Operations,Consumer/Retail,1,Reinvention of Commerce,True,0.342,0.584,0.589,1.0,0.05,1.954,"Este grupo compartilha interesse em operacoes e cadeia de valor e redesenhar processos do zero. Ao mesmo tempo, reune 4 funcoes diferentes, trazendo angulos distintos sobre o mesmo tema. A maior parte do pod pretende seguir para A Reinvencao do Comercio depois — a conversa pode continuar la.",Comecem por aqui: operacoes e cadeia de valor e redesenhar processos do zero. Qual parte do time ou do fluxo de trabalho vai mudar primeiro com IA — e quem sente isso primeiro?
127,C,The New Operating Model,C6,8,People/HR,Technology,2,Reinvention of Commerce,True,0.342,0.584,0.589,1.0,0.05,1.954,"Este grupo compartilha interesse em operacoes e cadeia de valor e redesenhar processos do zero. Ao mesmo tempo, reune 4 funcoes diferentes, trazendo angulos distintos sobre o mesmo tema. A maior parte do pod pretende seguir para A Reinvencao do Comercio depois — a conversa pode continuar la.",Comecem por aqui: operacoes e cadeia de valor e redesenhar processos do zero. Qual parte do time ou do fluxo de trabalho vai mudar primeiro com IA — e quem sente isso primeiro?
137,C,The New Operating Model,C6,8,Strategy,Technology,2,Reinvention of Commerce,True,0.342,0.584,0.589,1.0,0.05,1.954,"Este grupo compartilha interesse em operacoes e cadeia de valor e redesenhar processos do zero. Ao mesmo tempo, reune 4 funcoes diferentes, trazendo angulos distintos sobre o mesmo tema. A maior parte do pod pretende seguir para A Reinvencao do Comercio depois — a conversa pode continuar la.",Comecem por aqui: operacoes e cadeia de valor e redesenhar processos do zero. Qual parte do time ou do fluxo de trabalho vai mudar primeiro com IA — e quem sente isso primeiro?
71,C,The New Operating Model,C6,8,Operations,Consumer/Retail,2,Reinvention of Commerce,True,0.342,0.584,0.589,1.0,0.05,1.954,"Este grupo compartilha interesse em operacoes e cadeia de valor e redesenhar processos do zero. Ao mesmo tempo, reune 4 funcoes diferentes, trazendo angulos distintos sobre o mesmo tema. A maior parte do pod pretende seguir para A Reinvencao do Comercio depois — a conversa pode continuar la.",Comecem por aqui: operacoes e cadeia de valor e redesenhar processos do zero. Qual parte do time ou do fluxo de trabalho vai mudar primeiro com IA — e quem sente isso primeiro?
62,C,The New Operating Model,C6,8,Strategy,Professional Services,1,Reinvention of Commerce,True,0.342,0.584,0.589,1.0,0.05,1.954,"Este grupo compartilha interesse em operacoes e cadeia de valor e redesenhar processos do zero. Ao mesmo tempo, reune 4 funcoes diferentes, trazendo angulos distintos sobre o mesmo tema. A maior parte do pod pretende seguir para A Reinvencao do Comercio depois — a conversa pode continuar la.",Comecem por aqui: operacoes e cadeia de valor e redesenhar processos do zero. Qual parte do time ou do fluxo de trabalho vai mudar primeiro com IA — e quem sente isso primeiro?
150,C,The New Operating Model,C6,8,Operations,Consumer/Retail,1,Reinvention of Commerce,True,0.342,0.584,0.589,1.0,0.05,1.954,"Este grupo compartilha interesse em operacoes e cadeia de valor e redesenhar processos do zero. Ao mesmo tempo, reune 4 funcoes diferentes, trazendo angulos distintos sobre o mesmo tema. A maior parte do pod pretende seguir para A Reinvencao do Comercio depois — a conversa pode continuar la.",Comecem por aqui: operacoes e cadeia de valor e redesenhar processos do zero. Qual parte do time ou do fluxo de trabalho vai mudar primeiro com IA — e quem sente isso primeiro?
6,D,Open Networking,OPEN,21,Risk/Legal,Healthcare,1,Networking Lunch,False,0.343,0.536,0.545,1.0,0.08,1.865,,
16,D,Open Networking,OPEN,21,Risk/Legal,Financial Services,1,Networking Lunch,False,0.343,0.536,0.545,1.0,0.08,1.865,,
28,D,Open Networking,OPEN,21,Technology/Data,Financial Services,1,Networking Lunch,False,0.343,0.536,0.545,1.0,0.08,1.865,,
37,D,Open Networking,OPEN,21,People/HR,Healthcare,0,Networking Lunch,False,0.343,0.536,0.545,1.0,0.08,1.865,,
47,D,Open Networking,OPEN,21,People/HR,Industrial/Manufacturing,0,Networking Lunch,False,0.343,0.536,0.545,1.0,0.08,1.865,,
55,D,Open Networking,OPEN,21,Risk/Legal,Healthcare,1,Networking Lunch,False,0.343,0.536,0.545,1.0,0.08,1.865,,
68,D,Open Networking,OPEN,21,Marketing/Sales,Healthcare,1,Networking Lunch,False,0.343,0.536,0.545,1.0,0.08,1.865,,
74,D,Open Networking,OPEN,21,Risk/Legal,Healthcare,0,Networking Lunch,False,0.343,0.536,0.545,1.0,0.08,1.865,,
83,D,Open Networking,OPEN,21,People/HR,Consumer/Retail,1,Networking Lunch,False,0.343,0.536,0.545,1.0,0.08,1.865,,
96,D,Open Networking,OPEN,21,People/HR,Healthcare,0,Networking Lunch,False,0.343,0.536,0.545,1.0,0.08,1.865,,
104,D,Open Networking,OPEN,21,Marketing/Sales,Healthcare,0,Networking Lunch,False,0.343,0.536,0.545,1.0,0.08,1.865,,
118,D,Open Networking,OPEN,21,Marketing/Sales,Consumer/Retail,1,Networking Lunch,False,0.343,0.536,0.545,1.0,0.08,1.865,,
124,D,Open Networking,OPEN,21,Marketing/Sales,Consumer/Retail,1,Networking Lunch,False,0.343,0.536,0.545,1.0,0.08,1.865,,
133,D,Open Networking,OPEN,21,Operations,Healthcare,0,Networking Lunch,False,0.343,0.536,0.545,1.0,0.08,1.865,,
143,D,Open Networking,OPEN,21,People/HR,Industrial/Manufacturing,0,Networking Lunch,False,0.343,0.536,0.545,1.0,0.08,1.865,,
155,D,Open Networking,OPEN,21,Risk/Legal,Healthcare,1,Networking Lunch,False,0.343,0.536,0.545,1.0,0.08,1.865,,
169,D,Open Networking,OPEN,21,People/HR,Consumer/Retail,1,Networking Lunch,False,0.343,0.536,0.545,1.0,0.08,1.865,,
178,D,Open Networking,OPEN,21,People/HR,Healthcare,1,Networking Lunch,False,0.343,0.536,0.545,1.0,0.08,1.865,,
183,D,Open Networking,OPEN,21,Risk/Legal,Healthcare,0,Networking Lunch,False,0.343,0.536,0.545,1.0,0.08,1.865,,
197,D,Open Networking,OPEN,21,People/HR,Healthcare,0,Networking Lunch,False,0.343,0.536,0.545,1.0,0.08,1.865,,
206,D,Open Networking,OPEN,21,People/HR,Industrial/Manufacturing,0,Networking Lunch,False,0.343,0.536,0.545,1.0,0.08,1.865,,
